,0,1,2
0,0.0005308872787281871,020021 ,統一恒生科技N
1,0.0005308872787281871,1101   ,台泥         
2,0.0005308872787281871,1102   ,亞泥         
3,0.0005308872787281871,1103   ,嘉泥         
4,0.0005308872787281871,1104   ,環泥         
5,0.0005308872787281871,1108   ,幸福         
6,0.0005308872787281871,1109   ,信大         
7,0.0005308872787281871,1110   ,東泥         
8,0.0005308872787281871,1201   ,味全         
9,0.0005308872787281871,1203   ,味王         
10,0.0005308872787281871,1210   ,大成         
11,0.0005308872787281871,1213   ,大飲         
12,0.0005308872787281871,1215   ,卜蜂         
13,0.0005308872787281871,1216   ,統一         
14,0.0005308872787281871,1217   ,愛之味       
15,0.0005308872787281871,1218   ,泰山         
16,0.0005308872787281871,1219   ,福壽         
17,0.0005308872787281871,1220   ,台榮         
18,0.0005308872787281871,1225   ,福懋油       
19,0.0005308872787281871,1227   ,佳格         
20,0.0005308872787281871,1229   ,聯華         
21,0.0005308872787281871,1231   ,聯華食       
22,0.0005308872787281871,1232   ,大統益       
23,0.0005308872787281871,1233   ,天仁         
24,0.0005308872787281871,1234   ,黑松         
25,0.0005308872787281871,1235   ,興泰         
26,0.0005308872787281871,1240   ,茂生農經     
27,0.0005308872787281871,1256   ,鮮活果汁-KY  
28,0.0005308872787281871,1258   ,其祥-KY      
29,0.0005308872787281871,12582  ,其祥二KY     
30,0.0005308872787281871,1259   ,安心         
31,0.0005308872787281871,1260   ,富味鄉       
32,0.0005308872787281871,1262   ,綠悅-KY      
33,0.0005308872787281871,1264   ,德麥         
34,0.0005308872787281871,1268   ,漢來美食     
35,0.0005308872787281871,1269   ,乾杯         
36,0.0005308872787281871,1301   ,台塑         
37,0.0005308872787281871,1303   ,南亞         
38,0.0005308872787281871,1304   ,台聚         
39,0.0005308872787281871,1305   ,華夏         
40,0.0005308872787281871,1308   ,亞聚         
41,0.0005308872787281871,1309   ,台達化       
42,0.0005308872787281871,1310   ,台苯         
43,0.0005308872787281871,1312   ,國喬         
44,0.0005308872787281871,1313   ,聯成         
45,0.0005308872787281871,1314   ,中石化       
46,0.0005308872787281871,1315   ,達新         
47,0.0005308872787281871,1316   ,上曜         
48,0.0005308872787281871,13163  ,上曜三       
49,0.0005308872787281871,1319   ,東陽         
50,0.0005308872787281871,1321   ,大洋         
51,0.0005308872787281871,1323   ,永裕         
52,0.0005308872787281871,1324   ,地球         
53,0.0005308872787281871,1325   ,恒大         
54,0.0005308872787281871,1326   ,台化         
55,0.0005308872787281871,1333   ,恩得利       
56,0.0005308872787281871,1336   ,台翰         
57,0.0005308872787281871,1337   ,再生-KY      
58,0.0005308872787281871,1338   ,廣華-KY      
59,0.0005308872787281871,1339   ,昭輝         
60,0.0005308872787281871,1340   ,勝悅-KY      
61,0.0005308872787281871,1341   ,富林-KY      
62,0.0005308872787281871,1342   ,八貫         
63,0.0005308872787281871,1402   ,遠東新       
64,0.0005308872787281871,1409   ,新纖         
65,0.0005308872787281871,1410   ,南染         
66,0.0005308872787281871,1413   ,宏洲         
67,0.0005308872787281871,1414   ,東和         
68,0.0005308872787281871,1416   ,廣豐         
69,0.0005308872787281871,1417   ,嘉裕         
70,0.0005308872787281871,1423   ,利華         
71,0.0005308872787281871,1432   ,大魯閣       
72,0.0005308872787281871,1434   ,福懋         
73,0.0005308872787281871,1435   ,中福         
74,0.0005308872787281871,1436   ,華友聯       
75,0.0005308872787281871,14361  ,華友聯一     
76,0.0005308872787281871,1437   ,勤益控       
77,0.0005308872787281871,1438   ,三地開發     
78,0.0005308872787281871,1439   ,中和         
79,0.0005308872787281871,1440   ,南紡         
80,0.0005308872787281871,1441   ,大東         
81,0.0005308872787281871,1442   ,名軒         
82,0.0005308872787281871,14423  ,名軒三       
83,0.0005308872787281871,1443   ,立益         
84,0.0005308872787281871,1444   ,力麗         
85,0.0005308872787281871,1445   ,大宇         
86,0.0005308872787281871,1446   ,宏和         
87,0.0005308872787281871,1447   ,力鵬         
88,0.0005308872787281871,1449   ,佳和         
89,0.0005308872787281871,1451   ,年興         
90,0.0005308872787281871,1452   ,宏益         
91,0.0005308872787281871,1453   ,大將         
92,0.0005308872787281871,1454   ,台富         
93,0.0005308872787281871,1455   ,集盛         
94,0.0005308872787281871,1456   ,怡華         
95,0.0005308872787281871,1457   ,宜進         
96,0.0005308872787281871,1459   ,聯發         
97,0.0005308872787281871,1460   ,宏遠         
98,0.0005308872787281871,1463   ,強盛         
99,0.0005308872787281871,1465   ,偉全         
100,0.0005308872787281871,1466   ,聚隆         
101,0.0005308872787281871,1467   ,南緯         
102,0.0005308872787281871,1468   ,昶和         
103,0.0005308872787281871,1470   ,大統新創     
104,0.0005308872787281871,1471   ,首利         
105,0.0005308872787281871,1472   ,三洋紡       
106,0.0005308872787281871,14721  ,三洋紡一     
107,0.0005308872787281871,1473   ,台南         
108,0.0005308872787281871,1474   ,弘裕         
109,0.0005308872787281871,1476   ,儒鴻         
110,0.0005308872787281871,1477   ,聚陽         
111,0.0005308872787281871,1503   ,士電         
112,0.0005308872787281871,1504   ,東元         
113,0.0005308872787281871,1506   ,正道         
114,0.0005308872787281871,1507   ,永大         
115,0.0005308872787281871,1512   ,瑞利         
116,0.0005308872787281871,1513   ,中興電       
117,0.0005308872787281871,15131  ,中興電一     
118,0.0005308872787281871,1514   ,亞力         
119,0.0005308872787281871,1515   ,力山         
120,0.0005308872787281871,1516   ,川飛         
121,0.0005308872787281871,1517   ,利奇         
122,0.0005308872787281871,1521   ,大億         
123,0.0005308872787281871,1522   ,堤維西       
124,0.0005308872787281871,1524   ,耿鼎         
125,0.0005308872787281871,1525   ,江申         
126,0.0005308872787281871,1526   ,日馳         
127,0.0005308872787281871,1527   ,鑽全         
128,0.0005308872787281871,1528   ,恩德         
129,0.0005308872787281871,1529   ,樂士         
130,0.0005308872787281871,1530   ,亞崴         
131,0.0005308872787281871,15302  ,亞崴二       
132,0.0005308872787281871,1531   ,高林股       
133,0.0005308872787281871,1532   ,勤美         
134,0.0005308872787281871,1533   ,車王電       
135,0.0005308872787281871,1535   ,中宇         
136,0.0005308872787281871,1536   ,和大         
137,0.0005308872787281871,1538   ,正峰         
138,0.0005308872787281871,1539   ,巨庭         
139,0.0005308872787281871,1540   ,喬福         
140,0.0005308872787281871,1541   ,錩泰         
141,0.0005308872787281871,1560   ,中砂         
142,0.0005308872787281871,1563   ,巧新         
143,0.0005308872787281871,1568   ,倉佑         
144,0.0005308872787281871,1569   ,濱川         
145,0.0005308872787281871,1580   ,新麥         
146,0.0005308872787281871,1582   ,信錦         
147,0.0005308872787281871,15831  ,程泰一       
148,0.0005308872787281871,1585   ,鎧鉅         
149,0.0005308872787281871,1586   ,和勤         
150,0.0005308872787281871,15862  ,和勤二       
151,0.0005308872787281871,15863  ,和勤三       
152,0.0005308872787281871,15891  ,永冠一KY     
153,0.0005308872787281871,15892  ,永冠二KY     
154,0.0005308872787281871,15893  ,永冠三KY     
155,0.0005308872787281871,1590   ,亞德客-KY    
156,0.0005308872787281871,1591   ,駿吉-KY      
157,0.0005308872787281871,1592   ,英瑞-KY      
158,0.0005308872787281871,15921  ,英瑞一KY     
159,0.0005308872787281871,1593   ,祺驊         
160,0.0005308872787281871,15932  ,祺驊二       
161,0.0005308872787281871,1594   ,日高         
162,0.0005308872787281871,1595   ,川寶         
163,0.0005308872787281871,1597   ,直得         
164,0.0005308872787281871,15982  ,岱宇二       
165,0.0005308872787281871,1599   ,宏佳騰       
166,0.0005308872787281871,1603   ,華電         
167,0.0005308872787281871,1604   ,聲寶         
168,0.0005308872787281871,1605   ,華新         
169,0.0005308872787281871,1608   ,華榮         
170,0.0005308872787281871,1609   ,大亞         
171,0.0005308872787281871,1611   ,中電         
172,0.0005308872787281871,1612   ,宏泰         
173,0.0005308872787281871,1614   ,三洋電       
174,0.0005308872787281871,1615   ,大山         
175,0.0005308872787281871,1616   ,億泰         
176,0.0005308872787281871,1617   ,榮星         
177,0.0005308872787281871,1618   ,合機         
178,0.0005308872787281871,1626   ,艾美特-KY    
179,0.0005308872787281871,16262  ,艾美特二KY   
180,0.0005308872787281871,16263  ,艾美特三KY   
181,0.0005308872787281871,1701   ,中化         
182,0.0005308872787281871,1702   ,南僑         
183,0.0005308872787281871,1704   ,榮化         
184,0.0005308872787281871,1707   ,葡萄王       
185,0.0005308872787281871,1708   ,東鹼         
186,0.0005308872787281871,17091  ,和益一       
187,0.0005308872787281871,1710   ,東聯         
188,0.0005308872787281871,1711   ,永光         
189,0.0005308872787281871,1712   ,興農         
190,0.0005308872787281871,1713   ,國化         
191,0.0005308872787281871,1714   ,和桐         
192,0.0005308872787281871,1717   ,長興         
193,0.0005308872787281871,1718   ,中纖         
194,0.0005308872787281871,1720   ,生達         
195,0.0005308872787281871,1721   ,三晃         
196,0.0005308872787281871,1722   ,台肥         
197,0.0005308872787281871,1723   ,中碳         
198,0.0005308872787281871,1724   ,台硝         
199,0.0005308872787281871,1725   ,元禎         
200,0.0005308872787281871,1726   ,永記         
201,0.0005308872787281871,1727   ,中華化       
202,0.0005308872787281871,1731   ,美吾華       
203,0.0005308872787281871,1733   ,五鼎         
204,0.0005308872787281871,17333  ,五鼎三       
205,0.0005308872787281871,1734   ,杏輝         
206,0.0005308872787281871,1736   ,喬山         
207,0.0005308872787281871,1742   ,台蠟         
208,0.0005308872787281871,1752   ,南光         
209,0.0005308872787281871,1760   ,寶齡富錦     
210,0.0005308872787281871,1762   ,中化生       
211,0.0005308872787281871,1773   ,勝一         
212,0.0005308872787281871,1776   ,展宇         
213,0.0005308872787281871,1777   ,生泰         
214,0.0005308872787281871,1781   ,合世         
215,0.0005308872787281871,1783   ,和康生       
216,0.0005308872787281871,1784   ,訊聯         
217,0.0005308872787281871,1785   ,光洋科       
218,0.0005308872787281871,1786   ,科妍         
219,0.0005308872787281871,17861  ,科妍一       
220,0.0005308872787281871,1787   ,福盈科       
221,0.0005308872787281871,1788   ,杏昌         
222,0.0005308872787281871,1789   ,神隆         
223,0.0005308872787281871,1796   ,金穎生技     
224,0.0005308872787281871,17961  ,金穎生技一   
225,0.0005308872787281871,1799   ,易威         
226,0.0005308872787281871,17991  ,易威一       
227,0.0005308872787281871,1802   ,台玻         
228,0.0005308872787281871,1805   ,寶徠         
229,0.0005308872787281871,1806   ,冠軍         
230,0.0005308872787281871,1808   ,潤隆         
231,0.0005308872787281871,1809   ,中釉         
232,0.0005308872787281871,1810   ,和成         
233,0.0005308872787281871,1813   ,寶利徠       
234,0.0005308872787281871,1815   ,富喬         
235,0.0005308872787281871,18155  ,富喬五       
236,0.0005308872787281871,1817   ,凱撒衛       
237,0.0005308872787281871,1902   ,台紙         
238,0.0005308872787281871,1903   ,士紙         
239,0.0005308872787281871,1904   ,正隆         
240,0.0005308872787281871,1905   ,華紙         
241,0.0005308872787281871,1907   ,永豐餘       
242,0.0005308872787281871,1909   ,榮成         
243,0.0005308872787281871,2002   ,中鋼         
244,0.0005308872787281871,2002A  ,中鋼特       
245,0.0005308872787281871,2006   ,東和鋼鐵     
246,0.0005308872787281871,20067  ,東和鋼鐵七   
247,0.0005308872787281871,2007   ,燁興         
248,0.0005308872787281871,2008   ,高興昌       
249,0.0005308872787281871,2009   ,第一銅       
250,0.0005308872787281871,2010   ,春源         
251,0.0005308872787281871,2013   ,中鋼構       
252,0.0005308872787281871,2014   ,中鴻         
253,0.0005308872787281871,2017   ,官田鋼       
254,0.0005308872787281871,2020   ,美亞         
255,0.0005308872787281871,2022   ,聚亨         
256,0.0005308872787281871,2025   ,千興         
257,0.0005308872787281871,2027   ,大成鋼       
258,0.0005308872787281871,2028   ,威致         
259,0.0005308872787281871,2029   ,盛餘         
260,0.0005308872787281871,2030   ,彰源         
261,0.0005308872787281871,2031   ,新光鋼       
262,0.0005308872787281871,20315  ,新光鋼五     
263,0.0005308872787281871,2032   ,新鋼         
264,0.0005308872787281871,2033   ,佳大         
265,0.0005308872787281871,2034   ,允強         
266,0.0005308872787281871,2035   ,唐榮         
267,0.0005308872787281871,2038   ,海光         
268,0.0005308872787281871,2049   ,上銀         
269,0.0005308872787281871,2059   ,川湖         
270,0.0005308872787281871,2061   ,風青         
271,0.0005308872787281871,2062   ,橋椿         
272,0.0005308872787281871,2063   ,世鎧         
273,0.0005308872787281871,20631  ,世鎧一       
274,0.0005308872787281871,2064   ,晉椿         
275,0.0005308872787281871,20651  ,世豐一       
276,0.0005308872787281871,2066   ,世德         
277,0.0005308872787281871,2067   ,嘉鋼         
278,0.0005308872787281871,2069   ,運錩         
279,0.0005308872787281871,20693  ,運錩三       
280,0.0005308872787281871,2072   ,世紀風電     
281,0.0005308872787281871,2101   ,南港         
282,0.0005308872787281871,2103   ,台橡         
283,0.0005308872787281871,2104   ,國際中橡     
284,0.0005308872787281871,2105   ,正新         
285,0.0005308872787281871,2107   ,厚生         
286,0.0005308872787281871,2108   ,南帝         
287,0.0005308872787281871,2115   ,六暉-KY      
288,0.0005308872787281871,2201   ,裕隆         
289,0.0005308872787281871,2206   ,三陽工業     
290,0.0005308872787281871,2207   ,和泰車       
291,0.0005308872787281871,2208   ,台船         
292,0.0005308872787281871,22081  ,台船一       
293,0.0005308872787281871,2211   ,長榮鋼       
294,0.0005308872787281871,2221   ,大甲         
295,0.0005308872787281871,2227   ,裕日車       
296,0.0005308872787281871,2228   ,劍麟         
297,0.0005308872787281871,22282  ,劍麟二       
298,0.0005308872787281871,2230   ,泰茂         
299,0.0005308872787281871,22301  ,泰茂一       
300,0.0005308872787281871,22302  ,泰茂二       
301,0.0005308872787281871,22303  ,泰茂三       
302,0.0005308872787281871,2231   ,為升         
303,0.0005308872787281871,22312  ,為升二       
304,0.0005308872787281871,2233   ,宇隆         
305,0.0005308872787281871,2235   ,謚源         
306,0.0005308872787281871,2236   ,百達-KY      
307,0.0005308872787281871,22361  ,百達一KY     
308,0.0005308872787281871,2237   ,華德動能     
309,0.0005308872787281871,2239   ,英利-KY      
310,0.0005308872787281871,22391  ,英利一KY     
311,0.0005308872787281871,22392  ,英利二KY     
312,0.0005308872787281871,2243   ,宏旭-KY      
313,0.0005308872787281871,22431  ,宏旭一KY     
314,0.0005308872787281871,2245   ,詠勝昌       
315,0.0005308872787281871,2246   ,凱勝綠能     
316,0.0005308872787281871,2247   ,汎德永業     
317,0.0005308872787281871,2248   ,華勝-KY      
318,0.0005308872787281871,2249   ,湧盛         
319,0.0005308872787281871,2302   ,麗正         
320,0.0005308872787281871,2303   ,聯電         
321,0.0005308872787281871,2305   ,全友         
322,0.0005308872787281871,2308   ,台達電       
323,0.0005308872787281871,2312   ,金寶         
324,0.0005308872787281871,2313   ,華通         
325,0.0005308872787281871,2314   ,台揚         
326,0.0005308872787281871,2316   ,楠梓電       
327,0.0005308872787281871,2317   ,鴻海         
328,0.0005308872787281871,2321   ,東訊         
329,0.0005308872787281871,2323   ,中環         
330,0.0005308872787281871,2324   ,仁寶         
331,0.0005308872787281871,2327   ,國巨         
332,0.0005308872787281871,2328   ,廣宇         
333,0.0005308872787281871,2329   ,華泰         
334,0.0005308872787281871,2330   ,台積電       
335,0.0005308872787281871,2331   ,精英         
336,0.0005308872787281871,2332   ,友訊         
337,0.0005308872787281871,233201 ,友訊E1       
338,0.0005308872787281871,2337   ,旺宏         
339,0.0005308872787281871,2338   ,光罩         
340,0.0005308872787281871,2340   ,光磊         
341,0.0005308872787281871,2342   ,茂矽         
342,0.0005308872787281871,2344   ,華邦電       
343,0.0005308872787281871,2345   ,智邦         
344,0.0005308872787281871,2347   ,聯強         
345,0.0005308872787281871,2348   ,海悅         
346,0.0005308872787281871,23481  ,海悅一       
347,0.0005308872787281871,2351   ,順德         
348,0.0005308872787281871,2352   ,佳世達       
349,0.0005308872787281871,2353   ,宏碁         
350,0.0005308872787281871,2354   ,鴻準         
351,0.0005308872787281871,2355   ,敬鵬         
352,0.0005308872787281871,2356   ,英業達       
353,0.0005308872787281871,2358   ,廷鑫         
354,0.0005308872787281871,2359   ,所羅門       
355,0.0005308872787281871,2360   ,致茂         
356,0.0005308872787281871,2362   ,藍天         
357,0.0005308872787281871,2363   ,矽統         
358,0.0005308872787281871,2364   ,倫飛         
359,0.0005308872787281871,2365   ,昆盈         
360,0.0005308872787281871,2367   ,燿華         
361,0.0005308872787281871,2369   ,菱生         
362,0.0005308872787281871,2371   ,大同         
363,0.0005308872787281871,2373   ,震旦行       
364,0.0005308872787281871,2374   ,佳能         
365,0.0005308872787281871,2375   ,凱美         
366,0.0005308872787281871,2376   ,技嘉         
367,0.0005308872787281871,2377   ,微星         
368,0.0005308872787281871,2379   ,瑞昱         
369,0.0005308872787281871,2382   ,廣達         
370,0.0005308872787281871,2383   ,台光電       
371,0.0005308872787281871,23834  ,台光電四     
372,0.0005308872787281871,2385   ,群光         
373,0.0005308872787281871,2387   ,精元         
374,0.0005308872787281871,2388   ,威盛         
375,0.0005308872787281871,2390   ,云辰         
376,0.0005308872787281871,2392   ,正崴         
377,0.0005308872787281871,2393   ,億光         
378,0.0005308872787281871,23936  ,億光六       
379,0.0005308872787281871,2395   ,研華         
380,0.0005308872787281871,2397   ,友通         
381,0.0005308872787281871,2399   ,映泰         
382,0.0005308872787281871,2402   ,毅嘉         
383,0.0005308872787281871,2404   ,漢唐         
384,0.0005308872787281871,2405   ,浩鑫         
385,0.0005308872787281871,2406   ,國碩         
386,0.0005308872787281871,24064  ,國碩四       
387,0.0005308872787281871,2408   ,南亞科       
388,0.0005308872787281871,2409   ,友達         
389,0.0005308872787281871,2412   ,中華電       
390,0.0005308872787281871,2413   ,環科         
391,0.0005308872787281871,2414   ,精技         
392,0.0005308872787281871,2415   ,錩新         
393,0.0005308872787281871,2417   ,圓剛         
394,0.0005308872787281871,2419   ,仲琦         
395,0.0005308872787281871,2423   ,固緯         
396,0.0005308872787281871,2424   ,隴華         
397,0.0005308872787281871,2425   ,承啟         
398,0.0005308872787281871,2426   ,鼎元         
399,0.0005308872787281871,2427   ,三商電       
400,0.0005308872787281871,2428   ,興勤         
401,0.0005308872787281871,2429   ,銘旺科       
402,0.0005308872787281871,2430   ,燦坤         
403,0.0005308872787281871,2433   ,互盛電       
404,0.0005308872787281871,2434   ,統懋         
405,0.0005308872787281871,2436   ,偉詮電       
406,0.0005308872787281871,2438   ,翔耀         
407,0.0005308872787281871,2440   ,太空梭       
408,0.0005308872787281871,2441   ,超豐         
409,0.0005308872787281871,2442   ,新美齊       
410,0.0005308872787281871,2443   ,億麗         
411,0.0005308872787281871,2444   ,兆勁         
412,0.0005308872787281871,2448   ,晶電         
413,0.0005308872787281871,2449   ,京元電子     
414,0.0005308872787281871,2450   ,神腦         
415,0.0005308872787281871,2451   ,創見         
416,0.0005308872787281871,2453   ,凌群         
417,0.0005308872787281871,2454   ,聯發科       
418,0.0005308872787281871,2455   ,全新         
419,0.0005308872787281871,2456   ,奇力新       
420,0.0005308872787281871,24564  ,奇力新四     
421,0.0005308872787281871,24565  ,奇力新五     
422,0.0005308872787281871,24566  ,奇力新六     
423,0.0005308872787281871,2458   ,義隆         
424,0.0005308872787281871,2459   ,敦吉         
425,0.0005308872787281871,2460   ,建通         
426,0.0005308872787281871,2461   ,光群雷       
427,0.0005308872787281871,2462   ,良得電       
428,0.0005308872787281871,2464   ,盟立         
429,0.0005308872787281871,2465   ,麗臺         
430,0.0005308872787281871,2466   ,冠西電       
431,0.0005308872787281871,24663  ,冠西電三     
432,0.0005308872787281871,2467   ,志聖         
433,0.0005308872787281871,2468   ,華經         
434,0.0005308872787281871,2471   ,資通         
435,0.0005308872787281871,2472   ,立隆電       
436,0.0005308872787281871,24723  ,立隆電三     
437,0.0005308872787281871,2474   ,可成         
438,0.0005308872787281871,2475   ,華映         
439,0.0005308872787281871,2476   ,鉅祥         
440,0.0005308872787281871,2477   ,美隆電       
441,0.0005308872787281871,2480   ,敦陽科       
442,0.0005308872787281871,2481   ,強茂         
443,0.0005308872787281871,2482   ,連宇         
444,0.0005308872787281871,2483   ,百容         
445,0.0005308872787281871,2486   ,一詮         
446,0.0005308872787281871,2488   ,漢平         
447,0.0005308872787281871,2489   ,瑞軒         
448,0.0005308872787281871,2491   ,吉祥全       
449,0.0005308872787281871,2493   ,揚博         
450,0.0005308872787281871,2495   ,普安         
451,0.0005308872787281871,2497   ,怡利電       
452,0.0005308872787281871,2498   ,宏達電       
453,0.0005308872787281871,2499   ,東貝         
454,0.0005308872787281871,2501   ,國建         
455,0.0005308872787281871,2504   ,國產         
456,0.0005308872787281871,2505   ,國揚         
457,0.0005308872787281871,2506   ,太設         
458,0.0005308872787281871,2509   ,全坤建       
459,0.0005308872787281871,2511   ,太子         
460,0.0005308872787281871,2514   ,龍邦         
461,0.0005308872787281871,2515   ,中工         
462,0.0005308872787281871,25152  ,中工二       
463,0.0005308872787281871,2516   ,新建         
464,0.0005308872787281871,2520   ,冠德         
465,0.0005308872787281871,2524   ,京城         
466,0.0005308872787281871,2528   ,皇普         
467,0.0005308872787281871,2530   ,華建         
468,0.0005308872787281871,2534   ,宏盛         
469,0.0005308872787281871,2535   ,達欣工       
470,0.0005308872787281871,25352  ,達欣工二     
471,0.0005308872787281871,25353  ,達欣工三     
472,0.0005308872787281871,25354  ,達欣工四     
473,0.0005308872787281871,25355  ,達欣工五     
474,0.0005308872787281871,2536   ,宏普         
475,0.0005308872787281871,2539   ,櫻花建       
476,0.0005308872787281871,2540   ,愛山林       
477,0.0005308872787281871,2542   ,興富發       
478,0.0005308872787281871,25425  ,興富發五     
479,0.0005308872787281871,2543   ,皇昌         
480,0.0005308872787281871,2545   ,皇翔         
481,0.0005308872787281871,2548   ,華固         
482,0.0005308872787281871,2596   ,綠意         
483,0.0005308872787281871,2601   ,益航         
484,0.0005308872787281871,2603   ,長榮         
485,0.0005308872787281871,2605   ,新興         
486,0.0005308872787281871,2606   ,裕民         
487,0.0005308872787281871,2607   ,榮運         
488,0.0005308872787281871,2608   ,嘉里大榮     
489,0.0005308872787281871,2609   ,陽明         
490,0.0005308872787281871,26095  ,陽明五       
491,0.0005308872787281871,26106  ,華航六       
492,0.0005308872787281871,2611   ,志信         
493,0.0005308872787281871,2612   ,中航         
494,0.0005308872787281871,2613   ,中櫃         
495,0.0005308872787281871,2614   ,東森         
496,0.0005308872787281871,2615   ,萬海         
497,0.0005308872787281871,2616   ,山隆         
498,0.0005308872787281871,26163  ,山隆三       
499,0.0005308872787281871,2617   ,台航         
500,0.0005308872787281871,2618   ,長榮航       
501,0.0005308872787281871,26184  ,長榮航四     
502,0.0005308872787281871,2630   ,亞航         
503,0.0005308872787281871,26302  ,亞航二       
504,0.0005308872787281871,2634   ,漢翔         
505,0.0005308872787281871,2636   ,台驊投控     
506,0.0005308872787281871,26364  ,台驊投控四   
507,0.0005308872787281871,2637   ,慧洋-KY      
508,0.0005308872787281871,26372  ,慧洋二KY     
509,0.0005308872787281871,26373  ,慧洋三KY     
510,0.0005308872787281871,2640   ,大車隊       
511,0.0005308872787281871,2641   ,正德         
512,0.0005308872787281871,26413  ,正德三       
513,0.0005308872787281871,2642   ,宅配通       
514,0.0005308872787281871,2643   ,捷迅         
515,0.0005308872787281871,2701   ,萬企         
516,0.0005308872787281871,2702   ,華園         
517,0.0005308872787281871,2704   ,國賓         
518,0.0005308872787281871,2705   ,六福         
519,0.0005308872787281871,2706   ,第一店       
520,0.0005308872787281871,2707   ,晶華         
521,0.0005308872787281871,27072  ,晶華二       
522,0.0005308872787281871,2712   ,遠雄來       
523,0.0005308872787281871,2718   ,晶悅         
524,0.0005308872787281871,2719   ,燦星旅       
525,0.0005308872787281871,2721   ,楷捷-KY      
526,0.0005308872787281871,2722   ,夏都         
527,0.0005308872787281871,2724   ,富驛-KY      
528,0.0005308872787281871,2726   ,雅茗-KY      
529,0.0005308872787281871,2727   ,王品         
530,0.0005308872787281871,2729   ,瓦城         
531,0.0005308872787281871,27291  ,瓦城一       
532,0.0005308872787281871,2730   ,美麗信       
533,0.0005308872787281871,2731   ,雄獅         
534,0.0005308872787281871,27311  ,雄獅一       
535,0.0005308872787281871,2732   ,六角         
536,0.0005308872787281871,27322  ,六角二       
537,0.0005308872787281871,2736   ,高野         
538,0.0005308872787281871,2741   ,老四川       
539,0.0005308872787281871,2743   ,山富         
540,0.0005308872787281871,2745   ,五福         
541,0.0005308872787281871,2748   ,雲品         
542,0.0005308872787281871,27481  ,雲品一       
543,0.0005308872787281871,2753   ,八方雲集     
544,0.0005308872787281871,2812   ,台中銀       
545,0.0005308872787281871,2816   ,旺旺保       
546,0.0005308872787281871,2820   ,華票         
547,0.0005308872787281871,2834   ,臺企銀       
548,0.0005308872787281871,2838A  ,聯邦銀甲特   
549,0.0005308872787281871,2841   ,台開         
550,0.0005308872787281871,2845   ,遠東銀       
551,0.0005308872787281871,2849   ,安泰銀       
552,0.0005308872787281871,2850   ,新產         
553,0.0005308872787281871,2851   ,中再保       
554,0.0005308872787281871,2852   ,第一保       
555,0.0005308872787281871,2855   ,統一證       
556,0.0005308872787281871,2867   ,三商壽       
557,0.0005308872787281871,2880   ,華南金       
558,0.0005308872787281871,2881   ,富邦金       
559,0.0005308872787281871,2881A  ,富邦特       
560,0.0005308872787281871,2881B  ,富邦金乙特   
561,0.0005308872787281871,2882   ,國泰金       
562,0.0005308872787281871,2882A  ,國泰特       
563,0.0005308872787281871,2882B  ,國泰金乙特   
564,0.0005308872787281871,2883   ,開發金       
565,0.0005308872787281871,2884   ,玉山金       
566,0.0005308872787281871,2885   ,元大金       
567,0.0005308872787281871,2887   ,台新金       
568,0.0005308872787281871,2887E  ,台新戊特     
569,0.0005308872787281871,2887F  ,台新戊特二   
570,0.0005308872787281871,2888   ,新光金       
571,0.0005308872787281871,28885  ,新光金四     
572,0.0005308872787281871,28886  ,新光金五     
573,0.0005308872787281871,2888A  ,新光金甲特   
574,0.0005308872787281871,2888B  ,新光金乙特   
575,0.0005308872787281871,2889   ,國票金       
576,0.0005308872787281871,2890   ,永豐金       
577,0.0005308872787281871,2891   ,中信金       
578,0.0005308872787281871,2891B  ,中信金乙特   
579,0.0005308872787281871,2891C  ,中信金丙特   
580,0.0005308872787281871,2892   ,第一金       
581,0.0005308872787281871,2897   ,王道銀行     
582,0.0005308872787281871,2897A  ,王道銀甲特   
583,0.0005308872787281871,2903   ,遠百         
584,0.0005308872787281871,2904   ,匯僑         
585,0.0005308872787281871,2906   ,高林         
586,0.0005308872787281871,2908   ,特力         
587,0.0005308872787281871,2910   ,統領         
588,0.0005308872787281871,2911   ,麗嬰房       
589,0.0005308872787281871,2913   ,農林         
590,0.0005308872787281871,2915   ,潤泰全       
591,0.0005308872787281871,2916   ,滿心         
592,0.0005308872787281871,2923   ,鼎固-KY      
593,0.0005308872787281871,2924   ,東凌-KY      
594,0.0005308872787281871,2926   ,誠品生活     
595,0.0005308872787281871,2929   ,淘帝-KY      
596,0.0005308872787281871,2936   ,客思達-KY    
597,0.0005308872787281871,2937   ,集雅社       
598,0.0005308872787281871,29371  ,集雅社一     
599,0.0005308872787281871,2942   ,京站         
600,0.0005308872787281871,2945   ,三商家購     
601,0.0005308872787281871,2947   ,振宇五金     
602,0.0005308872787281871,3005   ,神基         
603,0.0005308872787281871,3006   ,晶豪科       
604,0.0005308872787281871,3008   ,大立光       
605,0.0005308872787281871,3010   ,華立         
606,0.0005308872787281871,3011   ,今皓         
607,0.0005308872787281871,3013   ,晟銘電       
608,0.0005308872787281871,3014   ,聯陽         
609,0.0005308872787281871,3015   ,全漢         
610,0.0005308872787281871,30163  ,嘉晶三       
611,0.0005308872787281871,3017   ,奇鋐         
612,0.0005308872787281871,3018   ,同開         
613,0.0005308872787281871,30183  ,同開三       
614,0.0005308872787281871,3019   ,亞光         
615,0.0005308872787281871,3021   ,鴻名         
616,0.0005308872787281871,3022   ,威強電       
617,0.0005308872787281871,3023   ,信邦         
618,0.0005308872787281871,30236  ,信邦六       
619,0.0005308872787281871,3024   ,憶聲         
620,0.0005308872787281871,3025   ,星通         
621,0.0005308872787281871,3026   ,禾伸堂       
622,0.0005308872787281871,3027   ,盛達         
623,0.0005308872787281871,3028   ,增你強       
624,0.0005308872787281871,3029   ,零壹         
625,0.0005308872787281871,30292  ,零壹二       
626,0.0005308872787281871,3030   ,德律         
627,0.0005308872787281871,3031   ,佰鴻         
628,0.0005308872787281871,3032   ,偉訓         
629,0.0005308872787281871,3033   ,威健         
630,0.0005308872787281871,30334  ,威健四       
631,0.0005308872787281871,30335  ,威健五       
632,0.0005308872787281871,3034   ,聯詠         
633,0.0005308872787281871,3035   ,智原         
634,0.0005308872787281871,30365  ,文曄五       
635,0.0005308872787281871,30366  ,文曄六       
636,0.0005308872787281871,3036A  ,文曄甲特     
637,0.0005308872787281871,3038   ,全台         
638,0.0005308872787281871,3040   ,遠見         
639,0.0005308872787281871,3041   ,揚智         
640,0.0005308872787281871,3042   ,晶技         
641,0.0005308872787281871,3043   ,科風         
642,0.0005308872787281871,3044   ,健鼎         
643,0.0005308872787281871,3045   ,台灣大       
644,0.0005308872787281871,30453  ,台灣大三     
645,0.0005308872787281871,3046   ,建碁         
646,0.0005308872787281871,3047   ,訊舟         
647,0.0005308872787281871,3048   ,益登         
648,0.0005308872787281871,3049   ,和鑫         
649,0.0005308872787281871,3050   ,鈺德         
650,0.0005308872787281871,3051   ,力特         
651,0.0005308872787281871,3052   ,夆典         
652,0.0005308872787281871,3055   ,蔚華科       
653,0.0005308872787281871,3056   ,總太         
654,0.0005308872787281871,3058   ,立德         
655,0.0005308872787281871,3059   ,華晶科       
656,0.0005308872787281871,3060   ,銘異         
657,0.0005308872787281871,3062   ,建漢         
658,0.0005308872787281871,3064   ,泰偉         
659,0.0005308872787281871,3067   ,全域         
660,0.0005308872787281871,3071   ,協禧         
661,0.0005308872787281871,3073   ,天方能源     
662,0.0005308872787281871,3078   ,僑威         
663,0.0005308872787281871,3081   ,聯亞         
664,0.0005308872787281871,3085   ,新零售       
665,0.0005308872787281871,3086   ,華義         
666,0.0005308872787281871,3088   ,艾訊         
667,0.0005308872787281871,30881  ,艾訊一       
668,0.0005308872787281871,3090   ,日電貿       
669,0.0005308872787281871,3092   ,鴻碩         
670,0.0005308872787281871,30921  ,鴻碩一       
671,0.0005308872787281871,3097   ,拍檔         
672,0.0005308872787281871,3105   ,穩懋         
673,0.0005308872787281871,3114   ,好德         
674,0.0005308872787281871,3117   ,年程         
675,0.0005308872787281871,3118   ,進階         
676,0.0005308872787281871,3122   ,笙泉         
677,0.0005308872787281871,3128   ,昇銳         
678,0.0005308872787281871,3130   ,一零四       
679,0.0005308872787281871,3131   ,弘塑         
680,0.0005308872787281871,3138   ,耀登         
681,0.0005308872787281871,31411  ,晶宏一       
682,0.0005308872787281871,3144   ,新揚科       
683,0.0005308872787281871,3147   ,大綜         
684,0.0005308872787281871,3149   ,正達         
685,0.0005308872787281871,31491  ,正達一       
686,0.0005308872787281871,3150   ,鈺寶         
687,0.0005308872787281871,3152   ,璟德         
688,0.0005308872787281871,3158   ,嘉實         
689,0.0005308872787281871,3162   ,精確         
690,0.0005308872787281871,3163   ,波若威       
691,0.0005308872787281871,31632  ,波若威二     
692,0.0005308872787281871,3164   ,景岳         
693,0.0005308872787281871,3167   ,大量         
694,0.0005308872787281871,3171   ,新洲         
695,0.0005308872787281871,31712  ,新洲二       
696,0.0005308872787281871,3176   ,基亞         
697,0.0005308872787281871,3178   ,公準         
698,0.0005308872787281871,3184   ,微邦         
699,0.0005308872787281871,31881  ,鑫龍騰一     
700,0.0005308872787281871,3189   ,景碩         
701,0.0005308872787281871,3191   ,和進         
702,0.0005308872787281871,3202   ,樺晟         
703,0.0005308872787281871,32023  ,樺晟三       
704,0.0005308872787281871,32024  ,樺晟四       
705,0.0005308872787281871,3207   ,耀勝         
706,0.0005308872787281871,3209   ,全科         
707,0.0005308872787281871,32093  ,全科三       
708,0.0005308872787281871,3211   ,順達         
709,0.0005308872787281871,3213   ,茂訊         
710,0.0005308872787281871,3217   ,優群         
711,0.0005308872787281871,3218   ,大學光       
712,0.0005308872787281871,3219   ,倚強股份     
713,0.0005308872787281871,3221   ,台嘉碩       
714,0.0005308872787281871,32243  ,三顧三       
715,0.0005308872787281871,3226   ,至寶電       
716,0.0005308872787281871,3227   ,原相         
717,0.0005308872787281871,3228   ,金麗科       
718,0.0005308872787281871,3229   ,晟鈦         
719,0.0005308872787281871,3230   ,錦明         
720,0.0005308872787281871,3232   ,昱捷         
721,0.0005308872787281871,3234   ,光環         
722,0.0005308872787281871,3259   ,鑫創         
723,0.0005308872787281871,3260   ,威剛         
724,0.0005308872787281871,32606  ,威剛六       
725,0.0005308872787281871,3264   ,欣銓         
726,0.0005308872787281871,3265   ,台星科       
727,0.0005308872787281871,3272   ,東碩         
728,0.0005308872787281871,32722  ,東碩二       
729,0.0005308872787281871,3276   ,宇環         
730,0.0005308872787281871,3284   ,太普高       
731,0.0005308872787281871,3285   ,微端         
732,0.0005308872787281871,3287   ,廣寰科       
733,0.0005308872787281871,3288   ,點晶         
734,0.0005308872787281871,32894  ,宜特四       
735,0.0005308872787281871,32895  ,宜特五       
736,0.0005308872787281871,3290   ,東浦         
737,0.0005308872787281871,3293   ,鈊象         
738,0.0005308872787281871,3294   ,英濟         
739,0.0005308872787281871,3296   ,勝德         
740,0.0005308872787281871,3297   ,杭特         
741,0.0005308872787281871,3303   ,岱稜         
742,0.0005308872787281871,3305   ,昇貿         
743,0.0005308872787281871,3306   ,鼎天         
744,0.0005308872787281871,3308   ,聯德         
745,0.0005308872787281871,3310   ,佳穎         
746,0.0005308872787281871,33101  ,佳穎一       
747,0.0005308872787281871,3311   ,閎暉         
748,0.0005308872787281871,3317   ,尼克森       
749,0.0005308872787281871,3321   ,同泰         
750,0.0005308872787281871,3322   ,建舜電       
751,0.0005308872787281871,33222  ,建舜電二     
752,0.0005308872787281871,3323   ,加百裕       
753,0.0005308872787281871,3324   ,雙鴻         
754,0.0005308872787281871,33242  ,雙鴻二       
755,0.0005308872787281871,33243  ,雙鴻三       
756,0.0005308872787281871,33244  ,雙鴻四       
757,0.0005308872787281871,3325   ,旭品         
758,0.0005308872787281871,3332   ,幸康         
759,0.0005308872787281871,3338   ,泰碩         
760,0.0005308872787281871,33382  ,泰碩二       
761,0.0005308872787281871,3339   ,泰谷         
762,0.0005308872787281871,3346   ,麗清         
763,0.0005308872787281871,33461  ,麗清一       
764,0.0005308872787281871,33462  ,麗清二       
765,0.0005308872787281871,3349   ,寶德         
766,0.0005308872787281871,3354   ,律勝         
767,0.0005308872787281871,3356   ,奇偶         
768,0.0005308872787281871,3357   ,臺慶科       
769,0.0005308872787281871,3360   ,尚立         
770,0.0005308872787281871,3363   ,上詮         
771,0.0005308872787281871,33632  ,上詮二       
772,0.0005308872787281871,3372   ,典範         
773,0.0005308872787281871,3373   ,熱映         
774,0.0005308872787281871,3374   ,精材         
775,0.0005308872787281871,3376   ,新日興       
776,0.0005308872787281871,3377   ,健格         
777,0.0005308872787281871,3379   ,彬台         
778,0.0005308872787281871,3380   ,明泰         
779,0.0005308872787281871,3383   ,新世紀       
780,0.0005308872787281871,3388   ,崇越電       
781,0.0005308872787281871,3390   ,旭軟         
782,0.0005308872787281871,3391   ,佳得         
783,0.0005308872787281871,3402   ,漢科         
784,0.0005308872787281871,3406   ,玉晶光       
785,0.0005308872787281871,3413   ,京鼎         
786,0.0005308872787281871,34131  ,京鼎一       
787,0.0005308872787281871,34132  ,京鼎二       
788,0.0005308872787281871,3416   ,融程電       
789,0.0005308872787281871,3419   ,譁裕         
790,0.0005308872787281871,3426   ,台興         
791,0.0005308872787281871,3429   ,彥陽         
792,0.0005308872787281871,3430   ,奇鈦科       
793,0.0005308872787281871,3434   ,哲固         
794,0.0005308872787281871,3437   ,榮創         
795,0.0005308872787281871,3438   ,類比科       
796,0.0005308872787281871,3441   ,聯一光電     
797,0.0005308872787281871,3443   ,創意         
798,0.0005308872787281871,3444   ,利機         
799,0.0005308872787281871,3450   ,聯鈞         
800,0.0005308872787281871,3452   ,益通         
801,0.0005308872787281871,3454   ,晶睿         
802,0.0005308872787281871,3465   ,進泰電子     
803,0.0005308872787281871,3466   ,致振         
804,0.0005308872787281871,3479   ,安勤         
805,0.0005308872787281871,3481   ,群創         
806,0.0005308872787281871,3483   ,力致         
807,0.0005308872787281871,34832  ,力致二       
808,0.0005308872787281871,3484   ,崧騰         
809,0.0005308872787281871,3485   ,敘豐         
810,0.0005308872787281871,3489   ,森寶         
811,0.0005308872787281871,3490   ,單井         
812,0.0005308872787281871,3491   ,昇達科       
813,0.0005308872787281871,3492   ,長盛         
814,0.0005308872787281871,3494   ,誠研         
815,0.0005308872787281871,3498   ,陽程         
816,0.0005308872787281871,3499   ,環天科       
817,0.0005308872787281871,3501   ,維熹         
818,0.0005308872787281871,3504   ,揚明光       
819,0.0005308872787281871,3508   ,位速         
820,0.0005308872787281871,3511   ,矽瑪         
821,0.0005308872787281871,3512   ,皇龍         
822,0.0005308872787281871,3515   ,華擎         
823,0.0005308872787281871,3516   ,亞帝歐       
824,0.0005308872787281871,3518   ,柏騰         
825,0.0005308872787281871,3519   ,綠能         
826,0.0005308872787281871,3520   ,華盈電子     
827,0.0005308872787281871,3521   ,鴻翊         
828,0.0005308872787281871,3522   ,御頂         
829,0.0005308872787281871,3523   ,迎輝         
830,0.0005308872787281871,3526   ,凡甲         
831,0.0005308872787281871,35263  ,凡甲三       
832,0.0005308872787281871,35264  ,凡甲四       
833,0.0005308872787281871,3527   ,聚積         
834,0.0005308872787281871,3530   ,晶相光       
835,0.0005308872787281871,3531   ,先益         
836,0.0005308872787281871,3533   ,嘉澤         
837,0.0005308872787281871,3535   ,晶彩科       
838,0.0005308872787281871,3536   ,誠創         
839,0.0005308872787281871,35363  ,誠創三       
840,0.0005308872787281871,3537   ,堡達         
841,0.0005308872787281871,3540   ,曜越         
842,0.0005308872787281871,3541   ,西柏         
843,0.0005308872787281871,3543   ,州巧         
844,0.0005308872787281871,3546   ,宇峻         
845,0.0005308872787281871,3548   ,兆利         
846,0.0005308872787281871,3550   ,聯穎         
847,0.0005308872787281871,3551   ,世禾         
848,0.0005308872787281871,3555   ,重鵬         
849,0.0005308872787281871,3556   ,禾瑞亞       
850,0.0005308872787281871,3557   ,嘉威         
851,0.0005308872787281871,3558   ,神準         
852,0.0005308872787281871,3562   ,頂晶科       
853,0.0005308872787281871,3563   ,牧德         
854,0.0005308872787281871,3567   ,逸昌         
855,0.0005308872787281871,3570   ,大塚         
856,0.0005308872787281871,3576   ,聯合再生     
857,0.0005308872787281871,3577   ,泓格         
858,0.0005308872787281871,3579   ,尚志         
859,0.0005308872787281871,3580   ,友威科       
860,0.0005308872787281871,3585   ,聯致         
861,0.0005308872787281871,3587   ,閎康         
862,0.0005308872787281871,3588   ,通嘉         
863,0.0005308872787281871,3591   ,艾笛森       
864,0.0005308872787281871,3592   ,瑞鼎         
865,0.0005308872787281871,3593   ,力銘         
866,0.0005308872787281871,3594   ,磐儀         
867,0.0005308872787281871,35942  ,磐儀二       
868,0.0005308872787281871,35943  ,磐儀三       
869,0.0005308872787281871,3595   ,山太士       
870,0.0005308872787281871,3596   ,智易         
871,0.0005308872787281871,35961  ,智易一       
872,0.0005308872787281871,3597   ,映興         
873,0.0005308872787281871,3601   ,前源         
874,0.0005308872787281871,3605   ,宏致         
875,0.0005308872787281871,3607   ,谷崧         
876,0.0005308872787281871,3609   ,東林         
877,0.0005308872787281871,3611   ,鼎翰         
878,0.0005308872787281871,3615   ,安可         
879,0.0005308872787281871,3617   ,碩天         
880,0.0005308872787281871,36171  ,碩天一       
881,0.0005308872787281871,3623   ,富晶通       
882,0.0005308872787281871,3625   ,西勝         
883,0.0005308872787281871,36252  ,西勝二       
884,0.0005308872787281871,3627   ,華信科       
885,0.0005308872787281871,3628   ,盈正         
886,0.0005308872787281871,3629   ,地心引力     
887,0.0005308872787281871,3631   ,晟楠         
888,0.0005308872787281871,3632   ,研勤         
889,0.0005308872787281871,36322  ,研勤二       
890,0.0005308872787281871,3633   ,云光         
891,0.0005308872787281871,3642   ,駿熠電       
892,0.0005308872787281871,3646   ,艾恩特       
893,0.0005308872787281871,3653   ,健策         
894,0.0005308872787281871,36532  ,健策二       
895,0.0005308872787281871,3659   ,百辰         
896,0.0005308872787281871,3661   ,世芯-KY      
897,0.0005308872787281871,3663   ,鑫科         
898,0.0005308872787281871,3664   ,安瑞-KY      
899,0.0005308872787281871,3665   ,貿聯-KY      
900,0.0005308872787281871,3666   ,光耀         
901,0.0005308872787281871,3672   ,康聯訊       
902,0.0005308872787281871,3673   ,TPK-KY       
903,0.0005308872787281871,3674   ,康訊         
904,0.0005308872787281871,3678   ,聯享         
905,0.0005308872787281871,3679   ,新至陞       
906,0.0005308872787281871,3680   ,家登         
907,0.0005308872787281871,3682   ,亞太電       
908,0.0005308872787281871,3684   ,榮昌         
909,0.0005308872787281871,3685   ,元創精密     
910,0.0005308872787281871,3686   ,達能         
911,0.0005308872787281871,3688   ,華立捷       
912,0.0005308872787281871,36912  ,碩禾二       
913,0.0005308872787281871,3693   ,營邦         
914,0.0005308872787281871,3694   ,海華         
915,0.0005308872787281871,3698   ,隆達         
916,0.0005308872787281871,3702A  ,大聯大甲特   
917,0.0005308872787281871,3703   ,欣陸         
918,0.0005308872787281871,3704   ,合勤控       
919,0.0005308872787281871,3705   ,永信         
920,0.0005308872787281871,3706   ,神達         
921,0.0005308872787281871,3707   ,漢磊         
922,0.0005308872787281871,37071  ,漢磊一       
923,0.0005308872787281871,37072  ,漢磊二       
924,0.0005308872787281871,3708   ,上緯投控     
925,0.0005308872787281871,3711   ,日月光投控   
926,0.0005308872787281871,4102   ,永日         
927,0.0005308872787281871,4104   ,佳醫         
928,0.0005308872787281871,4105   ,東洋         
929,0.0005308872787281871,4106   ,雃博         
930,0.0005308872787281871,41061  ,雃博一       
931,0.0005308872787281871,4107   ,邦特         
932,0.0005308872787281871,4108   ,懷特         
933,0.0005308872787281871,4109   ,加捷生醫     
934,0.0005308872787281871,4111   ,濟生         
935,0.0005308872787281871,4113   ,聯上         
936,0.0005308872787281871,4114   ,健喬         
937,0.0005308872787281871,41145  ,健喬五       
938,0.0005308872787281871,4116   ,明基醫       
939,0.0005308872787281871,4119   ,旭富         
940,0.0005308872787281871,41212  ,優盛二       
941,0.0005308872787281871,4123   ,晟德         
942,0.0005308872787281871,41235  ,晟德五       
943,0.0005308872787281871,4127   ,天良         
944,0.0005308872787281871,4128   ,中天         
945,0.0005308872787281871,4129   ,聯合         
946,0.0005308872787281871,41293  ,聯合三       
947,0.0005308872787281871,4129A  ,聯合甲特     
948,0.0005308872787281871,4130   ,健亞         
949,0.0005308872787281871,4131   ,晶宇         
950,0.0005308872787281871,4136   ,太和-KY      
951,0.0005308872787281871,4137   ,麗豐-KY      
952,0.0005308872787281871,4138   ,曜亞         
953,0.0005308872787281871,4139   ,馬光-KY      
954,0.0005308872787281871,4141   ,龍燈-KY      
955,0.0005308872787281871,41413  ,龍燈三KY     
956,0.0005308872787281871,41414  ,龍燈四KY     
957,0.0005308872787281871,41415  ,龍燈五KY     
958,0.0005308872787281871,4142   ,國光生       
959,0.0005308872787281871,41421  ,國光生一     
960,0.0005308872787281871,41422  ,國光生二     
961,0.0005308872787281871,4144   ,康聯-KY      
962,0.0005308872787281871,4147   ,中裕         
963,0.0005308872787281871,4148   ,全宇生技-KY  
964,0.0005308872787281871,4150   ,優你康       
965,0.0005308872787281871,4151   ,明躍         
966,0.0005308872787281871,4152   ,台微體       
967,0.0005308872787281871,4155   ,訊映         
968,0.0005308872787281871,41551  ,訊映一       
969,0.0005308872787281871,4157   ,太景*-KY     
970,0.0005308872787281871,4160   ,創源         
971,0.0005308872787281871,4161   ,聿新科       
972,0.0005308872787281871,4162   ,智擎         
973,0.0005308872787281871,4163   ,鐿鈦         
974,0.0005308872787281871,4164   ,承業醫       
975,0.0005308872787281871,41643  ,承業醫三     
976,0.0005308872787281871,41644  ,承業醫四     
977,0.0005308872787281871,4166   ,友霖         
978,0.0005308872787281871,4167   ,松瑞藥       
979,0.0005308872787281871,41671  ,展旺一       
980,0.0005308872787281871,41672  ,松瑞藥二     
981,0.0005308872787281871,4168   ,醣聯         
982,0.0005308872787281871,41682  ,醣聯二       
983,0.0005308872787281871,4171   ,瑞基         
984,0.0005308872787281871,4172   ,因華         
985,0.0005308872787281871,4173   ,久裕         
986,0.0005308872787281871,4174   ,浩鼎         
987,0.0005308872787281871,4175   ,杏一         
988,0.0005308872787281871,41751  ,杏一一       
989,0.0005308872787281871,41752  ,杏一二       
990,0.0005308872787281871,4180   ,安成藥       
991,0.0005308872787281871,4183   ,福永生技     
992,0.0005308872787281871,4186   ,尖端醫       
993,0.0005308872787281871,4188   ,安克         
994,0.0005308872787281871,4190   ,佐登-KY      
995,0.0005308872787281871,41901  ,佐登一KY     
996,0.0005308872787281871,4191   ,法德藥       
997,0.0005308872787281871,4192   ,杏國         
998,0.0005308872787281871,4194   ,禾生技       
999,0.0005308872787281871,4195   ,基米         
1000,0.0005308872787281871,4198   ,欣大健康     
1001,0.0005308872787281871,4205   ,中華食       
1002,0.0005308872787281871,4207   ,環泰         
1003,0.0005308872787281871,4303   ,信立         
1004,0.0005308872787281871,4304   ,勝昱         
1005,0.0005308872787281871,4305   ,世坤         
1006,0.0005308872787281871,43069  ,炎洲九       
1007,0.0005308872787281871,4401   ,東隆興       
1008,0.0005308872787281871,4402   ,福大         
1009,0.0005308872787281871,4406   ,新昕纖       
1010,0.0005308872787281871,4413   ,飛寶企業     
1011,0.0005308872787281871,4414   ,如興         
1012,0.0005308872787281871,4415   ,台原藥       
1013,0.0005308872787281871,44162  ,三圓二       
1014,0.0005308872787281871,4419   ,元勝         
1015,0.0005308872787281871,4420   ,光明         
1016,0.0005308872787281871,4426   ,利勤         
1017,0.0005308872787281871,4429   ,聚紡         
1018,0.0005308872787281871,4432   ,銘旺實       
1019,0.0005308872787281871,4433   ,興采         
1020,0.0005308872787281871,44331  ,興采一       
1021,0.0005308872787281871,44332  ,興采二       
1022,0.0005308872787281871,4438   ,廣越         
1023,0.0005308872787281871,4439   ,冠星-KY      
1024,0.0005308872787281871,4440   ,宜新實業     
1025,0.0005308872787281871,4502   ,健信         
1026,0.0005308872787281871,4506   ,崇友         
1027,0.0005308872787281871,4510   ,高鋒         
1028,0.0005308872787281871,4513   ,福裕         
1029,0.0005308872787281871,4526   ,東台         
1030,0.0005308872787281871,4527   ,方土霖       
1031,0.0005308872787281871,4528   ,江興鍛       
1032,0.0005308872787281871,4529   ,淳紳         
1033,0.0005308872787281871,4530   ,宏易         
1034,0.0005308872787281871,4532   ,瑞智         
1035,0.0005308872787281871,4533   ,協易機       
1036,0.0005308872787281871,4534   ,慶騰         
1037,0.0005308872787281871,45343  ,慶騰三       
1038,0.0005308872787281871,4535   ,至興         
1039,0.0005308872787281871,4536   ,拓凱         
1040,0.0005308872787281871,4537   ,旭東         
1041,0.0005308872787281871,4538   ,大詠城       
1042,0.0005308872787281871,4540   ,全球傳動     
1043,0.0005308872787281871,4541   ,晟田         
1044,0.0005308872787281871,45413  ,晟田三       
1045,0.0005308872787281871,45414  ,晟田四       
1046,0.0005308872787281871,4542   ,科嶠         
1047,0.0005308872787281871,4543   ,萬在         
1048,0.0005308872787281871,4544   ,春日         
1049,0.0005308872787281871,4546   ,長亨         
1050,0.0005308872787281871,4550   ,長佳         
1051,0.0005308872787281871,4552   ,力達-KY      
1052,0.0005308872787281871,4553   ,盛復         
1053,0.0005308872787281871,4554   ,橙的         
1054,0.0005308872787281871,4555   ,氣立         
1055,0.0005308872787281871,45551  ,氣立一       
1056,0.0005308872787281871,45552  ,氣立二       
1057,0.0005308872787281871,4556   ,旭然         
1058,0.0005308872787281871,4557   ,永新-KY      
1059,0.0005308872787281871,4559   ,久裕興       
1060,0.0005308872787281871,4561   ,健椿         
1061,0.0005308872787281871,4562   ,穎漢         
1062,0.0005308872787281871,4563   ,百德         
1063,0.0005308872787281871,45631  ,百德一       
1064,0.0005308872787281871,4564   ,元翎         
1065,0.0005308872787281871,4565   ,宏偉         
1066,0.0005308872787281871,45661  ,時碩工業一   
1067,0.0005308872787281871,4568   ,科際精密     
1068,0.0005308872787281871,4571   ,鈞興-KY      
1069,0.0005308872787281871,4572   ,駐龍         
1070,0.0005308872787281871,4573   ,高明鐵       
1071,0.0005308872787281871,4575   ,銓寶         
1072,0.0005308872787281871,4577   ,達航         
1073,0.0005308872787281871,4581   ,光隆精密-KY  
1074,0.0005308872787281871,4583   ,台灣精銳     
1075,0.0005308872787281871,4609   ,唐鋒         
1076,0.0005308872787281871,4702   ,中美實       
1077,0.0005308872787281871,4706   ,大恭         
1078,0.0005308872787281871,4707   ,磐亞         
1079,0.0005308872787281871,4711   ,永純         
1080,0.0005308872787281871,47145  ,永捷五       
1081,0.0005308872787281871,47162  ,大立二       
1082,0.0005308872787281871,4720   ,德淵         
1083,0.0005308872787281871,47202  ,德淵二       
1084,0.0005308872787281871,4721   ,美琪瑪       
1085,0.0005308872787281871,4722   ,國精化       
1086,0.0005308872787281871,4725   ,信昌化       
1087,0.0005308872787281871,4726   ,永昕         
1088,0.0005308872787281871,4728   ,雙美         
1089,0.0005308872787281871,4730   ,通用         
1090,0.0005308872787281871,4732   ,彥臣         
1091,0.0005308872787281871,4735   ,豪展         
1092,0.0005308872787281871,47352  ,豪展二       
1093,0.0005308872787281871,4736   ,泰博         
1094,0.0005308872787281871,4737   ,華廣         
1095,0.0005308872787281871,4738   ,尚化         
1096,0.0005308872787281871,4741   ,泓瀚         
1097,0.0005308872787281871,4744   ,皇將         
1098,0.0005308872787281871,47441  ,皇將一       
1099,0.0005308872787281871,4745   ,合富-KY      
1100,0.0005308872787281871,4746   ,台耀         
1101,0.0005308872787281871,4752   ,聯超         
1102,0.0005308872787281871,4754   ,國碳科       
1103,0.0005308872787281871,4755   ,三福化       
1104,0.0005308872787281871,4760   ,勤凱         
1105,0.0005308872787281871,47601  ,勤凱一       
1106,0.0005308872787281871,4763   ,材料-KY      
1107,0.0005308872787281871,47631  ,材料一KY     
1108,0.0005308872787281871,47632  ,材料二KY     
1109,0.0005308872787281871,4764   ,雙鍵         
1110,0.0005308872787281871,4765   ,磐采         
1111,0.0005308872787281871,4766   ,南寶         
1112,0.0005308872787281871,4767   ,誠泰科技     
1113,0.0005308872787281871,4768   ,晶呈科技     
1114,0.0005308872787281871,4770   ,上品         
1115,0.0005308872787281871,4803   ,VHQ-KY       
1116,0.0005308872787281871,48031  ,VHQ一KY      
1117,0.0005308872787281871,48032  ,VHQ二KY      
1118,0.0005308872787281871,4804   ,大略-KY      
1119,0.0005308872787281871,48041  ,大略一KY     
1120,0.0005308872787281871,4806   ,昇華         
1121,0.0005308872787281871,48061  ,昇華一       
1122,0.0005308872787281871,48062  ,昇華二       
1123,0.0005308872787281871,4807   ,日成-KY      
1124,0.0005308872787281871,4904   ,遠傳         
1125,0.0005308872787281871,4905   ,台聯電       
1126,0.0005308872787281871,4906   ,正文         
1127,0.0005308872787281871,49064  ,正文四       
1128,0.0005308872787281871,49065  ,正文五       
1129,0.0005308872787281871,4908   ,前鼎         
1130,0.0005308872787281871,4911   ,德英         
1131,0.0005308872787281871,4912   ,聯德控股-KY  
1132,0.0005308872787281871,49122  ,聯德控股二KY 
1133,0.0005308872787281871,49123  ,聯德控股三KY 
1134,0.0005308872787281871,4915   ,致伸         
1135,0.0005308872787281871,4916   ,事欣科       
1136,0.0005308872787281871,49161  ,事欣科一     
1137,0.0005308872787281871,49162  ,事欣科二     
1138,0.0005308872787281871,4919   ,新唐         
1139,0.0005308872787281871,49191  ,新唐一       
1140,0.0005308872787281871,4925   ,智微         
1141,0.0005308872787281871,4927   ,泰鼎-KY      
1142,0.0005308872787281871,49272  ,泰鼎二KY     
1143,0.0005308872787281871,49273  ,泰鼎三KY     
1144,0.0005308872787281871,4930   ,燦星網       
1145,0.0005308872787281871,4931   ,新盛力       
1146,0.0005308872787281871,4933   ,友輝         
1147,0.0005308872787281871,4934   ,太極         
1148,0.0005308872787281871,4935   ,茂林-KY      
1149,0.0005308872787281871,4938   ,和碩         
1150,0.0005308872787281871,4939   ,亞電         
1151,0.0005308872787281871,4942   ,嘉彰         
1152,0.0005308872787281871,4943   ,康控-KY      
1153,0.0005308872787281871,49431  ,康控一KY     
1154,0.0005308872787281871,4944   ,兆遠         
1155,0.0005308872787281871,4946   ,辣椒         
1156,0.0005308872787281871,4947   ,昂寶-KY      
1157,0.0005308872787281871,4950   ,牧東         
1158,0.0005308872787281871,4951   ,精拓科       
1159,0.0005308872787281871,4952   ,凌通         
1160,0.0005308872787281871,4956   ,光鋐         
1161,0.0005308872787281871,4958   ,臻鼎-KY      
1162,0.0005308872787281871,4960   ,誠美材       
1163,0.0005308872787281871,4961   ,天鈺         
1164,0.0005308872787281871,4966   ,譜瑞-KY      
1165,0.0005308872787281871,4967   ,十銓         
1166,0.0005308872787281871,49671  ,十銓一       
1167,0.0005308872787281871,49672  ,十銓二       
1168,0.0005308872787281871,4968   ,立積         
1169,0.0005308872787281871,4971   ,IET-KY       
1170,0.0005308872787281871,4972   ,湯石照明     
1171,0.0005308872787281871,4973   ,廣穎         
1172,0.0005308872787281871,4974   ,亞泰         
1173,0.0005308872787281871,4976   ,佳凌         
1174,0.0005308872787281871,4977   ,眾達-KY      
1175,0.0005308872787281871,49771  ,眾達一KY     
1176,0.0005308872787281871,4979   ,華星光       
1177,0.0005308872787281871,49792  ,華星光二     
1178,0.0005308872787281871,4989   ,榮科         
1179,0.0005308872787281871,4991   ,環宇-KY      
1180,0.0005308872787281871,4994   ,傳奇         
1181,0.0005308872787281871,4995   ,晶達         
1182,0.0005308872787281871,49951  ,晶達一       
1183,0.0005308872787281871,4999   ,鑫禾         
1184,0.0005308872787281871,5007   ,三星         
1185,0.0005308872787281871,5009   ,榮剛         
1186,0.0005308872787281871,5011   ,久陽         
1187,0.0005308872787281871,50112  ,久陽二       
1188,0.0005308872787281871,5013   ,強新         
1189,0.0005308872787281871,5014   ,建錩         
1190,0.0005308872787281871,5016   ,松和         
1191,0.0005308872787281871,5202   ,力新         
1192,0.0005308872787281871,5203   ,訊連         
1193,0.0005308872787281871,5205   ,中茂         
1194,0.0005308872787281871,5209   ,新鼎         
1195,0.0005308872787281871,5210   ,寶碩         
1196,0.0005308872787281871,5211   ,蒙恬         
1197,0.0005308872787281871,5212   ,凌網         
1198,0.0005308872787281871,5213   ,亞昕         
1199,0.0005308872787281871,52137  ,亞昕七       
1200,0.0005308872787281871,5215   ,科嘉-KY      
1201,0.0005308872787281871,5216   ,優燈         
1202,0.0005308872787281871,5222   ,全訊         
1203,0.0005308872787281871,52231  ,安力一KY     
1204,0.0005308872787281871,5225   ,東科-KY      
1205,0.0005308872787281871,5227   ,立凱-KY      
1206,0.0005308872787281871,5228   ,鈺鎧         
1207,0.0005308872787281871,5230   ,雷笛克光學   
1208,0.0005308872787281871,5233   ,有量         
1209,0.0005308872787281871,5234   ,達興材料     
1210,0.0005308872787281871,5236   ,凌陽創新     
1211,0.0005308872787281871,5240   ,建騰         
1212,0.0005308872787281871,5243   ,乙盛-KY      
1213,0.0005308872787281871,5244   ,弘凱         
1214,0.0005308872787281871,5245   ,智晶         
1215,0.0005308872787281871,5248   ,景傳         
1216,0.0005308872787281871,5251   ,天鉞電       
1217,0.0005308872787281871,5254   ,欣訊科技     
1218,0.0005308872787281871,5258   ,虹堡         
1219,0.0005308872787281871,5259   ,奕智博       
1220,0.0005308872787281871,5262   ,立達         
1221,0.0005308872787281871,5263   ,智崴         
1222,0.0005308872787281871,52633  ,智崴三       
1223,0.0005308872787281871,52634  ,智崴四       
1224,0.0005308872787281871,5264   ,鎧勝-KY      
1225,0.0005308872787281871,5267   ,龍翩         
1226,0.0005308872787281871,5271   ,紘通         
1227,0.0005308872787281871,5272   ,笙科         
1228,0.0005308872787281871,5274   ,信驊         
1229,0.0005308872787281871,5276   ,達輝-KY      
1230,0.0005308872787281871,5278   ,尚凡         
1231,0.0005308872787281871,5281   ,大峽谷-KY    
1232,0.0005308872787281871,52811  ,大峽谷一KY   
1233,0.0005308872787281871,5283   ,禾聯碩       
1234,0.0005308872787281871,5284   ,jpp-KY       
1235,0.0005308872787281871,52842  ,jpp二KY      
1236,0.0005308872787281871,5285   ,界霖         
1237,0.0005308872787281871,52851  ,界霖一       
1238,0.0005308872787281871,52852  ,界霖二       
1239,0.0005308872787281871,5287   ,數字         
1240,0.0005308872787281871,5288   ,豐祥-KY      
1241,0.0005308872787281871,5289   ,宜鼎         
1242,0.0005308872787281871,5291   ,邑昇         
1243,0.0005308872787281871,52911  ,邑昇一       
1244,0.0005308872787281871,5292   ,華懋         
1245,0.0005308872787281871,5294   ,鋒霖         
1246,0.0005308872787281871,5297   ,廣化         
1247,0.0005308872787281871,5299   ,杰力         
1248,0.0005308872787281871,5301   ,寶得利       
1249,0.0005308872787281871,5302   ,太欣         
1250,0.0005308872787281871,5304   ,鼎創達       
1251,0.0005308872787281871,5305   ,敦南         
1252,0.0005308872787281871,5306   ,桂盟         
1253,0.0005308872787281871,53063  ,桂盟三       
1254,0.0005308872787281871,5309   ,系統電       
1255,0.0005308872787281871,53094  ,系統電四     
1256,0.0005308872787281871,5310   ,天剛         
1257,0.0005308872787281871,5312   ,寶島科       
1258,0.0005308872787281871,5314   ,世紀         
1259,0.0005308872787281871,5315   ,光聯         
1260,0.0005308872787281871,5317   ,Ｄ凱美       
1261,0.0005308872787281871,5321   ,友銓         
1262,0.0005308872787281871,5324   ,士開         
1263,0.0005308872787281871,5328   ,華容         
1264,0.0005308872787281871,5345   ,天揚         
1265,0.0005308872787281871,5347   ,世界         
1266,0.0005308872787281871,5348   ,系通         
1267,0.0005308872787281871,5349   ,先豐         
1268,0.0005308872787281871,5351   ,鈺創         
1269,0.0005308872787281871,5353   ,台林         
1270,0.0005308872787281871,5355   ,佳總         
1271,0.0005308872787281871,5356   ,協益         
1272,0.0005308872787281871,5364   ,力麗店       
1273,0.0005308872787281871,5371   ,中光電       
1274,0.0005308872787281871,5381   ,合正         
1275,0.0005308872787281871,5386   ,青雲         
1276,0.0005308872787281871,5392   ,應華         
1277,0.0005308872787281871,53924  ,應華四       
1278,0.0005308872787281871,5398   ,慕康生醫     
1279,0.0005308872787281871,5403   ,中菲         
1280,0.0005308872787281871,5410   ,國眾         
1281,0.0005308872787281871,5425   ,台半         
1282,0.0005308872787281871,54255  ,台半五       
1283,0.0005308872787281871,5426   ,振發         
1284,0.0005308872787281871,5432   ,達威         
1285,0.0005308872787281871,5434   ,崇越         
1286,0.0005308872787281871,5438   ,東友         
1287,0.0005308872787281871,5439   ,高技         
1288,0.0005308872787281871,5443   ,均豪         
1289,0.0005308872787281871,5450   ,南良         
1290,0.0005308872787281871,5452   ,佶優         
1291,0.0005308872787281871,5455   ,昇益         
1292,0.0005308872787281871,5457   ,宣德         
1293,0.0005308872787281871,5460   ,同協         
1294,0.0005308872787281871,5465   ,富驊         
1295,0.0005308872787281871,5468   ,凱鈺         
1296,0.0005308872787281871,5469   ,瀚宇博       
1297,0.0005308872787281871,5471   ,松翰         
1298,0.0005308872787281871,5474   ,聰泰         
1299,0.0005308872787281871,5475   ,德宏         
1300,0.0005308872787281871,5478   ,智冠         
1301,0.0005308872787281871,5480   ,統盟         
1302,0.0005308872787281871,5481   ,新華         
1303,0.0005308872787281871,5483   ,中美晶       
1304,0.0005308872787281871,5484   ,慧友         
1305,0.0005308872787281871,5487   ,通泰         
1306,0.0005308872787281871,5488   ,松普         
1307,0.0005308872787281871,5489   ,彩富         
1308,0.0005308872787281871,5490   ,同亨         
1309,0.0005308872787281871,5493   ,三聯         
1310,0.0005308872787281871,5498   ,凱崴         
1311,0.0005308872787281871,5508   ,永信建       
1312,0.0005308872787281871,5511   ,德昌         
1313,0.0005308872787281871,5512   ,力麒         
1314,0.0005308872787281871,5514   ,三豐         
1315,0.0005308872787281871,5515   ,建國         
1316,0.0005308872787281871,5516   ,雙喜         
1317,0.0005308872787281871,5519   ,隆大         
1318,0.0005308872787281871,55193  ,隆大三       
1319,0.0005308872787281871,55194  ,隆大四       
1320,0.0005308872787281871,5520   ,力泰         
1321,0.0005308872787281871,5521   ,工信         
1322,0.0005308872787281871,5522   ,遠雄         
1323,0.0005308872787281871,5523   ,豐謙         
1324,0.0005308872787281871,5525   ,順天         
1325,0.0005308872787281871,5529   ,志嘉         
1326,0.0005308872787281871,5530   ,龍巖         
1327,0.0005308872787281871,5531   ,鄉林         
1328,0.0005308872787281871,5533   ,皇鼎         
1329,0.0005308872787281871,5534   ,長虹         
1330,0.0005308872787281871,5536   ,聖暉         
1331,0.0005308872787281871,55361  ,聖暉一       
1332,0.0005308872787281871,55381  ,東明一KY     
1333,0.0005308872787281871,5543   ,桓鼎-KY      
1334,0.0005308872787281871,5546   ,永固-KY      
1335,0.0005308872787281871,5547   ,久舜         
1336,0.0005308872787281871,5601   ,台聯櫃       
1337,0.0005308872787281871,5603   ,陸海         
1338,0.0005308872787281871,5604   ,中連貨       
1339,0.0005308872787281871,5607   ,遠雄港       
1340,0.0005308872787281871,5608   ,四維航       
1341,0.0005308872787281871,5609   ,中菲行       
1342,0.0005308872787281871,5701   ,劍湖山       
1343,0.0005308872787281871,5703   ,亞都         
1344,0.0005308872787281871,5704   ,老爺知       
1345,0.0005308872787281871,5706   ,鳳凰         
1346,0.0005308872787281871,5820   ,日盛金       
1347,0.0005308872787281871,5859   ,遠壽         
1348,0.0005308872787281871,5863   ,瑞興銀       
1349,0.0005308872787281871,5864   ,致和證       
1350,0.0005308872787281871,5871A  ,中租-KY甲特  
1351,0.0005308872787281871,5876   ,上海商銀     
1352,0.0005308872787281871,5878   ,台名         
1353,0.0005308872787281871,5880   ,合庫金       
1354,0.0005308872787281871,5902   ,德記         
1355,0.0005308872787281871,5903   ,全家         
1356,0.0005308872787281871,5906   ,台南-KY      
1357,0.0005308872787281871,5907   ,大洋-KY      
1358,0.0005308872787281871,6005   ,群益證       
1359,0.0005308872787281871,6015   ,宏遠證       
1360,0.0005308872787281871,6016   ,康和證       
1361,0.0005308872787281871,6020   ,大展證       
1362,0.0005308872787281871,6021   ,大慶證       
1363,0.0005308872787281871,6023   ,元大期       
1364,0.0005308872787281871,6024   ,群益期       
1365,0.0005308872787281871,6026   ,福邦證       
1366,0.0005308872787281871,6027   ,德信         
1367,0.0005308872787281871,6028   ,公勝保經     
1368,0.0005308872787281871,6101   ,寬魚國際     
1369,0.0005308872787281871,6103   ,合邦         
1370,0.0005308872787281871,6104   ,創惟         
1371,0.0005308872787281871,6109   ,亞元         
1372,0.0005308872787281871,6111   ,大宇資       
1373,0.0005308872787281871,6112   ,聚碩         
1374,0.0005308872787281871,6115   ,鎰勝         
1375,0.0005308872787281871,6117   ,迎廣         
1376,0.0005308872787281871,6118   ,建達         
1377,0.0005308872787281871,6120   ,達運         
1378,0.0005308872787281871,6121   ,新普         
1379,0.0005308872787281871,6122   ,擎邦         
1380,0.0005308872787281871,6123   ,上奇         
1381,0.0005308872787281871,6124   ,業強         
1382,0.0005308872787281871,6125   ,廣運         
1383,0.0005308872787281871,6126   ,信音         
1384,0.0005308872787281871,61262  ,信音二       
1385,0.0005308872787281871,6128   ,上福         
1386,0.0005308872787281871,6129   ,普誠         
1387,0.0005308872787281871,6130   ,星寶國際     
1388,0.0005308872787281871,6131   ,鈞泰         
1389,0.0005308872787281871,6133   ,金橋         
1390,0.0005308872787281871,6136   ,富爾特       
1391,0.0005308872787281871,6139   ,亞翔         
1392,0.0005308872787281871,6140   ,訊達         
1393,0.0005308872787281871,6141   ,柏承         
1394,0.0005308872787281871,6142   ,友勁         
1395,0.0005308872787281871,6143   ,振曜         
1396,0.0005308872787281871,6144   ,得利影       
1397,0.0005308872787281871,6146   ,耕興         
1398,0.0005308872787281871,6147   ,頎邦         
1399,0.0005308872787281871,6150   ,撼訊         
1400,0.0005308872787281871,61504  ,撼訊四       
1401,0.0005308872787281871,6151   ,晉倫         
1402,0.0005308872787281871,6153   ,嘉聯益       
1403,0.0005308872787281871,6154   ,順發         
1404,0.0005308872787281871,6155   ,鈞寶         
1405,0.0005308872787281871,6156   ,松上         
1406,0.0005308872787281871,61562  ,松上二       
1407,0.0005308872787281871,61563  ,松上三       
1408,0.0005308872787281871,6158   ,禾昌         
1409,0.0005308872787281871,6160   ,欣技         
1410,0.0005308872787281871,6161   ,捷波         
1411,0.0005308872787281871,6163   ,華電網       
1412,0.0005308872787281871,6164   ,華興         
1413,0.0005308872787281871,6167   ,久正         
1414,0.0005308872787281871,6168   ,宏齊         
1415,0.0005308872787281871,6169   ,昱泉         
1416,0.0005308872787281871,6171   ,亞銳士       
1417,0.0005308872787281871,6172   ,互億         
1418,0.0005308872787281871,6173   ,信昌電       
1419,0.0005308872787281871,6174   ,安碁         
1420,0.0005308872787281871,6175   ,立敦         
1421,0.0005308872787281871,61753  ,立敦三       
1422,0.0005308872787281871,6176   ,瑞儀         
1423,0.0005308872787281871,61761  ,瑞儀一       
1424,0.0005308872787281871,6177   ,達麗         
1425,0.0005308872787281871,61775  ,達麗五       
1426,0.0005308872787281871,61776  ,達麗六       
1427,0.0005308872787281871,6179   ,亞通         
1428,0.0005308872787281871,61791  ,亞通一       
1429,0.0005308872787281871,6180   ,橘子         
1430,0.0005308872787281871,6182   ,合晶         
1431,0.0005308872787281871,6183   ,關貿         
1432,0.0005308872787281871,6184   ,大豐電       
1433,0.0005308872787281871,61842  ,大豐電二     
1434,0.0005308872787281871,6185   ,幃翔         
1435,0.0005308872787281871,6186   ,新潤         
1436,0.0005308872787281871,6187   ,萬潤         
1437,0.0005308872787281871,6188   ,廣明         
1438,0.0005308872787281871,6189   ,豐藝         
1439,0.0005308872787281871,6191   ,精成科       
1440,0.0005308872787281871,6192   ,巨路         
1441,0.0005308872787281871,61952  ,詩肯二       
1442,0.0005308872787281871,6196   ,帆宣         
1443,0.0005308872787281871,61963  ,帆宣三       
1444,0.0005308872787281871,6197   ,佳必琪       
1445,0.0005308872787281871,6198   ,凌泰         
1446,0.0005308872787281871,6199   ,天品         
1447,0.0005308872787281871,6201   ,亞弘電       
1448,0.0005308872787281871,6202   ,盛群         
1449,0.0005308872787281871,6203   ,海韻電       
1450,0.0005308872787281871,6204   ,艾華         
1451,0.0005308872787281871,6205   ,詮欣         
1452,0.0005308872787281871,6207   ,雷科         
1453,0.0005308872205205262,3709   ,鑫聯大投控   
1454,0.0005308871041052043,4197   ,暐世         
1455,0.0005308870458975434,3455   ,由田         
1456,0.0005308869876898825,5905   ,南仁湖       
1457,0.000530886638443917,3564   ,其陽         
1458,0.0005308865220285952,2106   ,建大         
1459,0.0005308864056132734,47203  ,德淵三       
1460,0.0005308858235366642,00774C ,新光中政金綠債+R
1461,0.0005308857071213424,24722  ,立隆電二     
1462,0.0005308857071213424,3057   ,喬鼎         
1463,0.0005308854160830379,2368   ,金像電       
1464,0.000530883960891515,020020 ,元大台股領航N
1465,0.0005308838444761932,15696  ,濱川六       
1466,0.0005308836116455495,2928   ,紅馬-KY      
1467,0.0005308818654157221,1519   ,華城         
1468,0.0005308805266395211,3004   ,豐達科       
1469,0.0005308795953169465,1584   ,精剛         
1470,0.0005308778490871191,1419   ,新紡         
1471,0.0005308774416334927,5383   ,金利         
1472,0.0005308751715347171,5538   ,東明-KY      
1473,0.0005308736581355333,3669   ,圓展         
1474,0.0005308687686920166,5904   ,寶雅         
1475,0.0005308673135004938,1558   ,伸興         
1476,0.0005308673135004938,2071   ,震南鐵       
1477,0.0005308596300892532,37082  ,上緯投控二   
1478,0.0005308575928211212,3083   ,網龍         
1479,0.0005308572435751557,3675   ,德微         
1480,0.0005308458348736167,020017 ,永豐富櫃200N 
1481,0.0005308437976054847,2905   ,三商         
1482,0.0005308383842930198,00880B ,第一金電信債15+
1483,0.0005308325053192675,3583   ,辛耘         
1484,0.0005308293038979173,2357   ,華碩         
1485,0.0005308266263455153,2886   ,兆豐金       
1486,0.0005308216786943376,2109   ,華豐         
1487,0.0005308174295350909,3054   ,立萬利       
1488,0.0005308141116984189,00878  ,國泰永續高股息
1489,0.0005308084073476493,2070   ,精湛         
1490,0.0005308004328981042,3313   ,斐成         
1491,0.0005307962419465184,4416   ,三圓         
1492,0.0005307906540110707,3257   ,虹冠電       
1493,0.0005307750543579459,00877  ,FH中國5G     
1494,0.0005307745886966586,4953   ,緯軟         
1495,0.0005307734827511013,5464   ,霖宏         
1496,0.0005307734245434403,020018 ,統一價值成長30N
1497,0.0005307694082148373,2809   ,京城銀       
1498,0.0005307659157551825,1737   ,臺鹽         
1499,0.0005307620740495622,3066   ,李洲         
1500,0.0005307596293278039,00643K ,群益深証中小+R
1501,0.0005307445535436273,3266   ,昇陽         
1502,0.0005307284300215542,3002   ,歐格         
1503,0.0005307263345457613,4739   ,康普         
1504,0.0005307253450155258,00879B ,第一金美債 0-1
1505,0.000530713761691004,1565   ,精華         
1506,0.00053069565910846,1566   ,捷邦         
1507,0.0005306911189109087,4117   ,普生         
1508,0.0005306639359332621,36982  ,隆達二       
1509,0.0005306442035362124,4170   ,鑫品         
1510,0.0005306379753164947,6116   ,彩晶         
1511,0.0005306286038830876,4903   ,聯光通       
1512,0.0005306281964294612,020019 ,統一特選台灣5GN
1513,0.0005305839003995061,02001R ,富邦蘋果反一N
1514,0.0005305403610691428,3652   ,精聯         
1515,0.0005305354716256261,2597   ,潤弘         
1516,0.0005305150407366455,36892  ,湧德二       
1517,0.0005305103259161115,020011 ,統一微波高息20N
1518,0.0005304943188093603,6138   ,茂達         
1519,0.0005304549704305828,4431   ,敏成         
1520,0.0005304483347572386,4121   ,優盛         
1521,0.0005304193473421037,2939   ,凱羿-KY      
1522,0.0005303887301124632,2938   ,床的世界     
1523,0.0005303719080984592,4580   ,捷流閥業     
1524,0.0005303002544678748,020005 ,永豐外資50N  
1525,0.0005302936770021915,020009 ,群益A50綠碳N 
1526,0.0005302752833813429,6165   ,捷泰         
1527,0.0005302730132825673,2838   ,聯邦銀       
1528,0.0005302296485751867,5102   ,富強         
1529,0.000530205899849534,3687   ,歐買尬       
1530,0.0005301885539665818,020015 ,統一MSCI美低波 N
1531,0.0005301852361299098,3236   ,千如         
1532,0.0005301799392327666,5220   ,萬達光電     
1533,0.0005301664350554347,1570   ,力肯         
1534,0.0005300374468788505,2114   ,鑫永銓       
1535,0.0005299405311234295,00707R ,元大S&P日圓反l
1536,0.0005299251060932875,3205   ,佰研         
1537,0.0005299093900248408,01010T ,京城樂富R1   
1538,0.0005298678879626095,2380   ,虹光         
1539,0.0005298078176565468,3224   ,三顧         
1540,0.0005297835450619459,47362  ,泰博二       
1541,0.0005297064199112356,45501  ,長佳一       
1542,0.000529675162397325,4747   ,強生         
1543,0.0005296448362059891,00873B ,凱基新興債1-5
1544,0.0005296249873936176,47201  ,德淵一       
1545,0.0005296042072586715,00860B ,群益1-5年IG債
1546,0.0005294447182677686,020013 ,元富亞洲高股息N
1547,0.0005294072907418013,00871B ,元大中國政金債
1548,0.0005293254507705569,61893  ,豐藝三       
1549,0.0005292496643960476,2023   ,燁輝         
1550,0.0005292327841743827,3094   ,聯傑         
1551,0.0005291088600642979,6114   ,久威         
1552,0.000529032084159553,3691   ,碩禾         
1553,0.0005289303953759372,02001L ,富邦蘋果正二N
1554,0.000528910371940583,020001 ,富邦存股雙十N
1555,0.0005288536776788533,00706L ,元大S&P日圓正2
1556,0.0005287677049636841,01009T ,王道圓滿R1   
1557,0.0005285695078782737,2457   ,飛宏         
1558,0.0005285186343826354,4576   ,大銀微系統   
1559,0.000528384349308908,00797B ,中信中國美元IG債
1560,0.0005283358041197062,3141   ,晶宏         
1561,0.0005282617057673633,00876  ,元大未來關鍵科技
1562,0.0005281638004817069,5201   ,凱衛         
1563,0.0005280111217871308,020012 ,富邦行動通訊N
1564,0.0005280057084746659,00651R ,FH香港反1    
1565,0.0005277905729599297,00684R ,元大美元指數反1
1566,0.000527695519849658,020008 ,元大特股高息N
1567,0.0005276536103338003,3710   ,連展投控     
1568,0.0005275779403746128,2431   ,聯昌         
1569,0.0005274707218632102,41233  ,晟德三       
1570,0.0005274665891192853,00682U ,元大美元指數 
1571,0.0005274371360428631,3528   ,安馳         
1572,0.0005273973802104592,41292  ,聯合二       
1573,0.0005273889983072877,4430   ,耀億         
1574,0.0005273332353681326,4716   ,大立         
1575,0.0005272962152957916,24194  ,仲琦四       
1576,0.0005271731060929596,00769B ,FH中國信用債 
1577,0.000526944815646857,15981  ,岱宇一       
1578,0.0005269061657600105,2024   ,志聯         
1579,0.0005264845094643533,5388   ,中磊         
1580,0.0005264566862024367,00798B ,國泰中企A 級債7+
1581,0.0005261587211862206,020014 ,元大富櫃200N 
1582,0.0005261225742287934,020007 ,凱基臺灣500N 
1583,0.0005261075566522777,3622   ,洋華         
1584,0.000526104646269232,020006 ,永昌中小300N 
1585,0.0005258297314867377,3231   ,緯創         
1586,0.0005257743177935481,020000 ,富邦特選蘋果N
1587,0.0005257437005639076,25282  ,皇普二       
1588,0.0005256205913610756,00843B ,台新中國政策債
1589,0.000525608251336962,00865B ,國泰US短期公債
1590,0.0005254758289083838,3169   ,亞信         
1591,0.0005253689014352858,00776  ,新光ICE美國權值
1592,0.000525273266248405,26301  ,亞航一       
1593,0.000525195908267051,00853B ,統一美債10年Aa-A
1594,0.0005250226240605116,6108   ,競國         
1595,0.0005248067318461835,4133   ,亞諾法       
1596,0.0005247950321063399,2801   ,彰銀         
1597,0.0005246283253654838,00872B ,凱基美債1-3  
1598,0.0005245473003014922,00864B ,中信美國公債0-1
1599,0.0005245007923804224,4980   ,佐臻         
1600,0.0005244652274996042,00868B ,FT1-3年美公債
1601,0.0005244349013082683,00796B ,中信中國債7-10
1602,0.0005243518971838057,4987   ,科誠         
1603,0.0005243172636255622,020003 ,統一漲升股利150N
1604,0.0005242874613031745,25392  ,櫻花建二     
1605,0.00052415527170524,2836   ,高雄銀       
1606,0.0005241140024736524,00856B ,永豐1-3年美公債
1607,0.0005238041048869491,2538   ,基泰         
1608,0.0005237077130004764,00719B ,元大美債1-3  
1609,0.0005235066637396812,00784B ,富邦中國投等債
1610,0.0005233380361460149,00849B ,中信EM主權債0-5
1611,0.0005231105606071651,5223   ,安力-KY      
1612,0.0005231093964539468,6148   ,驊宏資       
1613,0.0005230269744060934,00846B ,富邦歐洲銀行債
1614,0.0005230071838013828,00838B ,永豐7-10年中國債
1615,0.000522893329616636,47363  ,泰博三       
1616,0.0005228880909271538,2739   ,寒舍         
1617,0.0005221867468208075,25391  ,櫻花建一     
1618,0.000521969108376652,00794B ,群益7+中國政金債
1619,0.0005216813297010958,00666R ,富邦恒生國企反1
1620,0.0005216599092818797,6206   ,飛捷         
1621,0.0005215169512666762,3545   ,敦泰         
1622,0.0005214716657064855,2740   ,天蔥         
1623,0.0005213160184212029,2832   ,台產         
1624,0.0005213046679273248,2734   ,易飛網       
1625,0.0005211953539401293,00859B ,群益0-1年美債
1626,0.0005211422103457153,4132   ,國鼎         
1627,0.0005210073431953788,00835B ,第一金科技債10+
1628,0.0005202627507969737,6127   ,九豪         
1629,0.0005190190277062356,00732  ,國泰RMB 短期報酬
1630,0.0005188274662941694,00668K ,國泰美國道瓊+U
1631,0.0005187771748751402,3552   ,同致         
1632,0.0005185043555684388,3089   ,元炬         
1633,0.0005176857230253518,4578   ,總格精密     
1634,0.0005176611593924463,3630   ,新鉅科       
1635,0.0005175312981009483,00766L ,台新MSCI中國正2
1636,0.0005174929392524064,00734B ,台新JPM新興債
1637,0.0005174879916012287,020016 ,統一MSCI美科技N
1638,0.0005174228572286665,00718B ,富邦中國政策債
1639,0.000517322972882539,2102   ,泰豐         
1640,0.0005172813544049859,00774B ,新光中國政金綠債
1641,0.0005172525998204947,00625K ,富邦上証+R   
1642,0.0005168706993572414,2823   ,中壽         
1643,0.0005167578929103911,1101B  ,台泥乙特     
1644,0.0005165889160707593,0055   ,元大MSCI金融 
1645,0.0005162422894500196,00748B ,凱基中國債3-10
1646,0.0005162266897968948,00848B ,中信新興亞洲債
1647,0.0005159883294254541,00683L ,元大美元指數正2
1648,0.0005159605643711984,00693U ,街口S&P黃豆  
1649,0.0005159183638170362,00730  ,富邦臺灣優質高息
1650,0.0005158298299647868,2012   ,春雨         
1651,0.0005157234845682979,2484   ,希華         
1652,0.0005157148116268218,6190   ,萬泰科       
1653,0.000515619816724211,1312A  ,國喬特       
1654,0.0005155465914867818,5269   ,祥碩         
1655,0.0005153848906047642,00745B ,富邦中政債0-1
1656,0.0005153443198651075,00867B ,新光A-BBB電信債
1657,0.0005153225501999259,20691  ,運錩一       
1658,0.0005146184121258557,00742  ,新光內需收益 
1659,0.0005141353467479348,36802  ,家登二       
1660,0.0005140113062225282,00869B ,FT10-25年公司債
1661,0.0005138893029652536,4549   ,桓達         
1662,0.0005137441912665963,00744B ,國泰中國政金債5+
1663,0.0005137113621458411,00767  ,FH美國金融股 
1664,0.0005136787076480687,5015   ,華祺         
1665,0.0005131147336214781,00863B ,中信全球電信債
1666,0.0005125144380144775,4551   ,智伸科       
1667,0.0005119152483530343,36533  ,健策三       
1668,0.0005118903354741633,2752   ,豆府         
1669,0.000511609367094934,00636K ,國泰中國A50+U
1670,0.000510804180521518,00657K ,國泰日經225+U
1671,0.0005106320604681969,00874B ,凱基BBB公司債15+
1672,0.0005106298485770822,00780B ,國泰A 級金融債
1673,0.0005098831024952233,00862B ,中信投資級公司債
1674,0.0005092406645417213,3701   ,大眾控       
1675,0.0005089273327030241,00854B ,富邦全球保險債
1676,0.0005089201731607318,1589   ,永冠-KY      
1677,0.0005086494493298233,00831B ,新光美債1-3  
1678,0.0005086481687612832,00771  ,元大US高息特別股
1679,0.000508482160512358,020010 ,永昌富櫃200N 
1680,0.0005077393725514412,00700  ,富邦恒生國企 
1681,0.0005074365180917084,00875  ,國泰網路資安 
1682,0.000507339951582253,24392  ,美律二       
1683,0.0005073273205198348,2750   ,桃禧         
1684,0.0005071815685369074,00694B ,富邦美債1-3  
1685,0.0005069872131571174,2733   ,維格         
1686,0.0005065853474661708,00634R ,富邦上証反1  
1687,0.0005063703865744174,4545   ,銘鈺         
1688,0.0005053305649198592,00645  ,富邦日本     
1689,0.0005050103645771742,00691R ,兆豐藍籌30反1
1690,0.0005049268947914243,4503   ,金雨         
1691,0.0005049246246926486,00836B ,永豐10年A公司債
1692,0.0005045793950557709,00765B ,群益中國政金債
1693,0.0005042022094130516,00701  ,國泰股利精選30
1694,0.0005040426040068269,2723   ,美食-KY      
1695,0.0005031984183005989,020002 ,元富新中國N  
1696,0.0005031070322729647,4712   ,南璋         
1697,0.0005029453313909471,00710B ,FH彭博高收益債
1698,0.0005023792036809027,00840B ,凱基IG精選15+
1699,0.0005015423521399498,4945   ,陞達科技     
1700,0.0005011586472392082,41711  ,瑞基一       
1701,0.0005008474690839648,00676R ,富邦臺灣加權反1
1702,0.0005004850681871176,00844B ,新光15年IG金融債
1703,0.0005002664402127266,00866  ,新光Shiller CAPE
1704,0.0004999387310817838,6113   ,亞矽         
1705,0.0004999310476705432,2755   ,揚秦         
1706,0.0004997512442059815,00711B ,FH彭博新興債 
1707,0.0004997276701033115,00841B ,凱基AAA-AA公司債
1708,0.0004990934976376593,00858  ,永豐美國500大
1709,0.0004988586879335344,1730   ,花仙子       
1710,0.0004986993153579533,00641R ,富邦日本反1  
1711,0.0004985188134014606,00847B ,中信美國市政債
1712,0.0004985052510164678,00845B ,富邦新興投等債
1713,0.0004959136131219566,01004T ,土銀富邦R2   
1714,0.0004957481869496405,01001T ,土銀富邦R1   
1715,0.0004956688499078155,3702   ,大聯大       
1716,0.0004956517950631678,00709  ,富邦歐洲     
1717,0.0004955047625117004,26414  ,正德四       
1718,0.0004953290917910635,00686R ,群益臺灣加權反1
1719,0.0004953062743879855,5277   ,葳天         
1720,0.0004951379960402846,00695B ,富邦美債7-10 
1721,0.0004950928268954158,01007T ,兆豐國泰R2   
1722,0.0004947260022163391,00736  ,國泰新興市場 
1723,0.0004943377571180463,00855B ,富邦全球能源債
1724,0.0004941293154843152,01002T ,土銀國泰R1   
1725,0.0004938315832987428,45511  ,智伸科一     
1726,0.0004935961333103478,26183  ,長榮航三     
1727,0.0004932712181471288,00842B ,台新美元銀行債
1728,0.0004929713904857635,00799B ,國泰A 級醫療債
1729,0.0004922809894196689,4907   ,富宇         
1730,0.0004920834908261895,00763U ,街口道瓊銅   
1731,0.0004919981583952904,020004 ,兆豐電菁英30N
1732,0.000491602229885757,00721B ,元大中國債3-5
1733,0.0004913413431495428,4306   ,炎洲         
1734,0.0004905813257209957,00870B ,元大15年EM主權債
1735,0.0004898723564110696,00677U ,富邦VIX      
1736,0.0004896792233921587,41631  ,鐿鈦一       
1737,0.000488869845867157,00747B ,FH中國政策債 
1738,0.0004887572722509503,00654R ,富邦印度反1  
1739,0.0004879918706137687,01003T ,兆豐新光R1   
1740,0.0004876394523307681,1780   ,立弘         
1741,0.00048704430810175836,2610   ,華航         
1742,0.00048692591371946037,00669R ,國泰美國道瓊反1
1743,0.0004865981754846871,48071  ,日成一KY     
1744,0.00048459169920533895,00697B ,元大美債7-10 
1745,0.0004839528992306441,41234  ,晟德四       
1746,0.00048393572797067463,00839B ,凱基醫療保健債
1747,0.00048273600987158716,00661  ,元大日經225  
1748,0.00048112496733665466,00791B ,FH美元信用債1-5Y
1749,0.0004797693691216409,3093   ,港建         
1750,0.0004787834477610886,00834B ,第一金金融債10+
1751,0.0004784500924870372,4566   ,時碩工業     
1752,0.0004778012807946652,00861  ,元大全球未來通訊
1753,0.00047579724923707545,3036   ,文曄         
1754,0.00047541019739583135,6152   ,百一         
1755,0.0004733705136459321,1583   ,程泰         
1756,0.0004716563562396914,3037   ,欣興         
1757,0.00047027957043610513,00660  ,元大歐洲50   
1758,0.0004699733399320394,2065   ,世豐         
1759,0.0004694873932749033,00717  ,富邦美國特別股
1760,0.00046913171536289155,00783  ,富邦中証500  
1761,0.0004687034524977207,00786B ,元大10年IG銀行債
1762,0.0004677997203543782,00788B ,元大10年IG電能債
1763,0.00046708001173101366,00668  ,國泰美國道瓊 
1764,0.00046681202366016805,00857B ,永豐20年美公債
1765,0.0004662753199227154,00681R ,元大美債20反1
1766,0.0004648863978218287,00648R ,元大S&P500反1
1767,0.00046434285468421876,4743   ,合一         
1768,0.00046318149543367326,00852L ,國泰美國道瓊正2
1769,0.00046303574345074594,00726B ,國泰5Y+新興債
1770,0.0004627186863217503,006201 ,元大富櫃50   
1771,0.0004623030836228281,4570   ,傑生         
1772,0.0004584593407344073,6134   ,萬旭         
1773,0.0004572542093228549,2599   ,樂揚         
1774,0.00045534202945418656,00782B ,國泰A 級公用債
1775,0.0004543187969829887,00632R ,元大台灣50反1
1776,0.000454026012448594,00837B ,永豐15年金融債
1777,0.00045397860230877995,0056   ,元大高股息   
1778,0.0004536718188319355,00713  ,元大台灣高息低波
1779,0.00045329867862164974,3431   ,長天         
1780,0.0004532797902356833,3312   ,弘憶股       
1781,0.00045321587822400033,00640L ,富邦日本正2  
1782,0.00045246159425005317,00714  ,群益道瓊美國地產
1783,0.00045236499863676727,00731  ,FH富時高息低波
1784,0.0004521534137893468,47392  ,康普二       
1785,0.00045089086052030325,00656R ,國泰中國A50反1
1786,0.0004499464121181518,1418   ,東華         
1787,0.0004493932065088302,00793B ,群益AAA-A醫療債
1788,0.0004487317055463791,00850  ,元大臺灣ESG永續
1789,0.00044864503433927894,00775B ,新光投等債15+
1790,0.0004483112134039402,00741B ,富邦全球高收債
1791,0.00044807029189541936,00785B ,富邦金融投等債
1792,0.000447941041784361,00792B ,群益A級公司債
1793,0.00044425675878301263,2204   ,中華         
1794,0.0004440581251401454,00787B ,元大10年IG醫療債
1795,0.00044373166747391224,1906   ,寶隆         
1796,0.00044265706674195826,1307   ,三芳         
1797,0.00044246113975532353,5206   ,坤悅         
1798,0.0004411539703141898,37101  ,連展投控一   
1799,0.00044110501767136157,0054   ,元大台商50   
1800,0.0004402158665470779,4909   ,新復興       
1801,0.00043927752994932234,00678  ,群益NBI生技  
1802,0.0004382627084851265,00657  ,國泰日經225  
1803,0.00043747274321503937,00638R ,元大滬深300 反1
1804,0.00043608140549622476,00703  ,台新MSCI中國 
1805,0.00043526667286641896,00636  ,國泰中國A50  
1806,0.000434341054642573,00664R ,國泰臺灣加權反1
1807,0.0004338011785876006,0061   ,元大寶滬深   
1808,0.00042954887612722814,44381  ,廣越一       
1809,0.0004293454985599965,00790B ,FH次順位IG金融債
1810,0.0004282329464331269,1709   ,和益         
1811,0.00042714655864983797,00646  ,元大S&P500   
1812,0.00042607885552570224,00728  ,第一金工業30 
1813,0.00042308217962272465,1735   ,日勝化       
1814,0.0004221546114422381,00725B ,國泰投資級公司債
1815,0.0004211351042613387,00833B ,第一金美債20+
1816,0.00042090643546544015,00781B ,國泰A 級科技債
1817,0.00041852687718346715,00639  ,富邦深100    
1818,0.0004173830384388566,41093  ,加捷生醫三   
1819,0.00041669452912174165,3016   ,嘉晶         
1820,0.0004153104673605412,00652  ,富邦印度     
1821,0.00041273320675827563,00690  ,兆豐藍籌30   
1822,0.00041222726576961577,41412  ,龍燈二KY     
1823,0.00040917439037002623,00727B ,國泰1-5Y高收債
1824,0.00040706995059736073,4523   ,永彰         
1825,0.0004069514980074018,1598   ,岱宇         
1826,0.0004039353225380182,00702  ,國泰標普低波高息
1827,0.0003999095060862601,00777B ,凱基AAA至A公司債
1828,0.00039941625436767936,006206 ,元大上證50   
1829,0.00039746708353050053,00737  ,國泰AI+Robo  
1830,0.00039743323577567935,00689R ,國泰20年美債反1
1831,0.0003962154150940478,2537   ,聯上發       
1832,0.0003940389142371714,4582   ,聚恆         
1833,0.00039335861220024526,00749B ,凱基新興債10+
1834,0.0003929618396796286,00851  ,台新全球AI   
1835,0.00039103953167796135,00772B ,中信高評級公司債
1836,0.000389327818993479,006205 ,富邦上証     
1837,0.00038917033816687763,00643  ,群益深証中小 
1838,0.00038910485454835,3532   ,台勝科       
1839,0.00038570785545744,00773B ,中信優先金融債
1840,0.0003825521271210164,00739  ,元大MSCI A股 
1841,0.0003810507187154144,43068  ,炎洲八       
1842,0.0003810421912930906,00832B ,新光美債20+  
1843,0.0003785489243455231,00671R ,富邦NASDAQ反1
1844,0.00037801897269673645,4714   ,永捷         
1845,0.00037797860568389297,00830  ,國泰費城半導體
1846,0.0003772966156248003,00778B ,凱基金融債20+
1847,0.0003768882597796619,00674R ,元大S&P黃金反1
1848,0.00037578551564365625,00743  ,國泰中國A150 
1849,0.00037521374179050326,2547   ,日勝生       
1850,0.00037452467950060964,006207 ,FH滬深       
1851,0.00037244378472678363,00756B ,群益15年EM主權債
1852,0.0003721542889252305,00795B ,中信美國公債20年
1853,0.00037083617644384503,00746B ,富邦A級公司債
1854,0.0003684147377498448,00724B ,群益10年IG金融債
1855,0.0003670633595902473,2478   ,大毅         
1856,0.0003669815487228334,2754   ,亞洲藏壽司   
1857,0.0003669762809295207,00755B ,群益15年IG公用債
1858,0.0003669726138468832,5871   ,中租-KY      
1859,0.0003667979035526514,00752  ,中信中國50   
1860,0.0003630619903560728,00665L ,富邦恒生國企正2
1861,0.00036257447209209204,00692  ,富邦公司治理 
1862,0.00036134186666458845,00740B ,富邦全球投等債
1863,0.0003612024011090398,32607  ,威剛七       
1864,0.0003554345457814634,00635U ,元大S&P 黃金 
1865,0.0003547888481989503,00720B ,元大投資級公司債
1866,0.0003523426130414009,17881  ,杏昌一       
1867,0.0003519364690873772,00760B ,FH新興企業債 
1868,0.00034991363645531237,47463  ,台耀三       
1869,0.00034925350337289274,00750B ,凱基科技債10+
1870,0.00034788402263075113,4729   ,熒茂         
1871,0.0003465824411250651,00789B ,FH公司債A3   
1872,0.00034607594716362655,2420   ,新巨         
1873,0.0003459665458649397,2496   ,卓越         
1874,0.00034577646874822676,2015   ,豐興         
1875,0.00034472852712497115,00723B ,群益15年IG科技債
1876,0.00034241843968629837,00751B ,元大AAA至A公司債
1877,0.0003413282393012196,00761B ,國泰A 級公司債
1878,0.00033887301106005907,00754B ,群益AAA-AA公司債
1879,0.00033690285636112094,4120   ,友華         
1880,0.0003357942623551935,3188   ,鑫龍騰       
1881,0.0003303492267150432,2401   ,凌陽         
1882,0.0003161308413837105,1464   ,得力         
1883,0.0003159237385261804,00735  ,國泰臺韓科技 
1884,0.0003152679419144988,00770  ,國泰北美科技 
1885,0.00031475379364565015,00637L ,元大滬深300 正2
1886,0.0003143239300698042,50113  ,久陽三       
1887,0.0003132276760879904,3206   ,志豐         
1888,0.0003083342162426561,00722B ,群益15年IG電信債
1889,0.00030803587287664413,1732   ,毛寶         
1890,0.0003033817920368165,00733  ,富邦臺灣中小 
1891,0.0003031508531421423,3432   ,台端         
1892,0.00030035164672881365,2241   ,艾姆勒       
1893,0.0002962953585665673,6195   ,詩肯         
1894,0.00029514075140468776,3115   ,寶島極       
1895,0.00029383154469542205,3268   ,海德威       
1896,0.00028977845795452595,00758B ,FH能源債     
1897,0.0002889778115786612,00712  ,FH富時不動產 
1898,0.00028814387042075396,00650L ,FH香港正2    
1899,0.00028625724371522665,2527   ,宏璟         
1900,0.00028533581644296646,00738U ,元大道瓊白銀 
1901,0.0002816235937643796,2492   ,華新科       
1902,0.0002774349704850465,5340   ,建榮         
1903,0.0002758152550086379,3529   ,力旺         
1904,0.00027449376648291945,00679B ,元大美債20年 
1905,0.0002744455123320222,1236   ,宏亞         
1906,0.00027442636201158166,5344   ,立衛         
1907,0.00027347670402377844,2901   ,欣欣         
1908,0.0002703389327507466,00762  ,元大全球AI   
1909,0.0002659751335158944,4560   ,強信-KY      
1910,0.00026412145234644413,00696B ,富邦美債20年 
1911,0.00026157041429542005,00779B ,凱基美債25+  
1912,0.0002601896121632308,2546   ,根基         
1913,0.0002600591687951237,0051   ,元大中型100  
1914,0.00025840895250439644,3003   ,健和興       
1915,0.00025340798310935497,00687B ,國泰20年美債 
1916,0.00025218172231689095,4154   ,康樂-KY      
1917,0.00025037373416125774,3168   ,眾福科       
1918,0.00024285649124067277,00685L ,群益臺灣加權正2
1919,0.00024188574752770364,4153   ,鈺緯         
1920,0.0002416807838017121,00642U ,元大S&P 石油 
1921,0.00023592800425831228,00764B ,群益25年美債 
1922,0.00023429689463227987,00653L ,富邦印度正2  
1923,0.0002252889098599553,3581   ,博磊         
1924,0.00022365408949553967,3689   ,湧德         
1925,0.00022033056302461773,00680L ,元大美債20正2
1926,0.00021669261332135648,2421   ,建準         
1927,0.0002116716786986217,00675L ,富邦臺灣加權正2
1928,0.00021160213509574533,00688L ,國泰20年美債正2
1929,0.00020991070778109133,00753L ,中信中國50正2
1930,0.00020768001559190452,006203 ,元大MSCI台灣 
1931,0.00020709249656647444,14362  ,華友聯二     
1932,0.00020530390611384064,6166   ,凌華         
1933,0.00020468108414206654,6194   ,育富         
1934,0.00020378665067255497,00759B ,FH製藥債     
1935,0.00019787000201176852,00647L ,元大S&P500正2
1936,0.00019634669297374785,006204 ,永豐臺灣加權 
1937,0.00019030622206628323,00662  ,富邦NASDAQ   
1938,0.00018471531802788377,4923   ,力士         
1939,0.00018166983500123024,3289   ,宜特         
1940,0.00017968555039260536,62053  ,詮欣三       
1941,0.00017685395141597837,00708L ,元大S&P黃金正2
1942,0.00016422662883996964,3645   ,達邁         
1943,0.00016181243699975312,1537   ,廣隆         
1944,0.00016127474373206496,24921  ,華新科一     
1945,0.00016036888700909913,4417   ,金洲         
1946,0.00015828144387342036,00655L ,國泰中國A50正2
1947,0.00015826888557057828,3362   ,先進光       
1948,0.00015470421931240708,4558   ,寶緯         
1949,0.00014985680172685534,006208 ,富邦台50     
1950,0.000149642102769576,3095   ,及成         
1951,0.00014760596968699247,2912   ,統一超       
1952,0.00014664621267002076,00672L ,元大S&P原油正2
1953,0.00014282167830970138,00768B ,FH20年美債   
1954,0.0001396277657477185,0053   ,元大電子     
1955,0.00013838721497450024,4169   ,泰宗         
1956,0.000136338931042701,008201 ,BP上證50     
1957,0.00013438976020552218,2439   ,美律         
1958,0.0001294456742471084,3624   ,光頡         
1959,0.00012846957542933524,3252   ,海灣         
1960,0.0001274047972401604,47641  ,雙鍵一       
1961,0.00011985046876361594,00673R ,元大S&P原油反1
1962,0.0001184815846499987,00757  ,統一FANG+    
1963,0.00011811882723122835,4126   ,太醫         
1964,0.0001167225418612361,00633L ,富邦上証正2  
1965,0.00011476915824459866,2633   ,台灣高鐵     
1966,0.00011310316767776385,00715L ,街口布蘭特油正2
1967,0.00011131585051771253,4924   ,欣厚-KY      
1968,0.00011022792023140937,0057   ,富邦摩台     
1969,0.00010948352428385988,1795   ,美時         
1970,0.00010010318510467187,2349   ,錸德         
1971,8.322465146193281e-05,2301   ,光寶科       
1972,7.881110650487244e-05,00663L ,國泰臺灣加權正2
1973,7.704784366069362e-05,0050   ,元大台灣50   
1974,6.877623673062772e-05,3603   ,建祥國際     
1975,6.816550012445077e-05,2485   ,兆赫         
1976,6.63271130179055e-05,00631L ,元大台灣50正2
1977,6.26553810434416e-05,1475   ,業旺         
1978,5.7367094996152446e-05,00670L ,富邦NASDAQ正2
1979,5.430539749795571e-05,45601  ,強信一KY     
1980,5.211850657360628e-05,0052   ,富邦科技     
1981,3.7869958759984e-05,3712   ,永崴投控     
1982,3.766036024899222e-05,6170   ,統振         
1983,2.9232454835437238e-05,1587   ,吉茂         
1984,2.3562835849588737e-05,3713   ,新晶投控     
